# 音节	字	字频	量化代价
# 字频 = jieba 词表按字聚合（词内去重）；排序 = 主读音优先、再按字频降序
a	阿	33035	32
a	啊	22393	34
a	嗄	109	55
a	锕	70	57
a	呵	3252	41
a	腌	739	47
a	吖	42	59
ai	爱	46023	31
ai	埃	11144	36
ai	碍	5311	39
ai	癌	4455	40
ai	艾	3910	41
ai	哀	3322	41
ai	挨	3107	41
ai	矮	2980	42
ai	唉	2548	42
ai	哎	1917	43
ai	隘	841	47
ai	嗳	433	49
ai	蔼	432	49
ai	暧	220	52
ai	霭	202	52
ai	瑷	152	54
ai	叆	127	54
ai	皑	77	56
ai	嗌	66	57
ai	毐	62	57
an	安	151093	26
an	案	38053	31
an	按	37276	32
an	暗	18110	34
an	岸	18086	34
an	氨	4950	40
an	俺	3017	42
an	庵	2279	43
an	鞍	1838	44
an	胺	1695	44
an	黯	757	47
an	谙	389	50
an	铵	260	51
an	鹌	109	55
an	桉	102	55
an	垵	52	58
an	犴	47	58
an	唵	33	60
an	盦	12	63
an	埯	0	74
ang	昂	3938	41
ang	盎	628	48
ang	肮	375	50
ang	卬	34	59
ang	仰	6904	38
ang	腌	739	47
ao	奥	14304	35
ao	澳	6989	38
ao	傲	2347	43
ao	熬	2055	43
ao	凹	1408	45
ao	嶅	1351	45
ao	鳌	1248	45
ao	拗	770	47
ao	袄	745	47
ao	懊	601	48
ao	敖	330	50
ao	坳	244	52
ao	嗷	217	52
ao	翱	216	52
ao	螯	191	53
ao	鏖	148	54
ao	遨	100	55
ao	鏊	83	56
ao	骜	80	56
ao	璈	59	57
ba	把	121139	27
ba	八	50548	30
ba	巴	39123	31
ba	吧	26934	33
ba	罢	16480	35
ba	拔	14352	35
ba	爸	4444	40
ba	坝	3902	41
ba	霸	3843	41
ba	粑	2308	43
ba	跋	1477	44
ba	扒	1428	45
ba	灞	1225	45
ba	靶	985	46
ba	叭	935	46
ba	芭	904	46
ba	耙	845	47
ba	疤	665	48
ba	胈	661	48
ba	笆	403	50
bai	白	80417	28
bai	百	77088	29
bai	败	22262	34
bai	拜	13688	36
bai	摆	11158	36
bai	柏	4998	40
bai	掰	362	50
bai	稗	82	56
bai	擘	70	57
bai	捭	42	59
bai	佰	29	60
bai	派	46809	31
bai	排	31912	32
bai	伯	19621	34
bai	啡	2113	43
bai	扒	1428	45
bai	呗	263	51
bai	薜	71	57
bai	鞴	66	57
bai	鞁	2	69
ban	半	52622	30
ban	办	51295	30
ban	般	42036	31
ban	板	25745	33
ban	班	24151	33
ban	版	23297	33
ban	伴	8602	37
ban	颁	7302	38
ban	搬	4847	40
ban	扮	4028	40
ban	斑	3891	41
ban	拌	2143	43
ban	瓣	1354	45
ban	湴	1211	45
ban	扳	1208	45
ban	绊	633	48
ban	阪	471	49
ban	瘢	222	52
ban	坂	200	52
ban	钣	49	58
bang	邦	25744	33
bang	帮	24321	33
bang	浜	7107	38
bang	棒	5463	39
bang	榜	4559	40
bang	镑	3580	41
bang	膀	2675	42
bang	绑	2116	43
bang	傍	1668	44
bang	磅	979	46
bang	蚌	910	46
bang	梆	407	50
bang	谤	316	51
bang	棓	26	60
bang	蒡	8	65
bang	𠳐	0	74
bang	玤	0	74
bang	塝	0	74
bang	搒	0	74
bang	旁	17651	35
bao	报	90410	28
bao	保	86252	28
bao	包	50271	30
bao	宝	38593	31
bao	抱	11729	36
bao	爆	11353	36
bao	暴	11294	36
bao	胞	11181	36
bao	堡	8043	38
bao	薄	7958	38
bao	饱	3977	40
bao	豹	2351	43
bao	鲍	1349	45
bao	孢	1090	46
bao	苞	490	49
bao	煲	441	49
bao	褒	433	49
bao	雹	314	51
bao	龅	303	51
bao	鸨	183	53
bei	北	206763	25
bei	被	120778	27
bei	备	62442	29
bei	背	26850	33
bei	杯	11997	36
bei	辈	10129	37
bei	贝	10064	37
bei	倍	9629	37
bei	悲	7370	38
bei	碑	5640	39
bei	卑	4183	40
bei	陂	1693	44
bei	狈	795	47
bei	悖	759	47
bei	惫	705	47
bei	钡	519	49
bei	焙	314	51
bei	呗	263	51
bei	孛	252	52
bei	鞴	66	57
ben	本	230980	24
ben	奔	12683	36
ben	锛	12608	36
ben	苯	2810	42
ben	笨	1224	45
ben	贲	174	53
ben	畚	55	58
ben	坌	16	62
ben	栟	10	64
ben	坋	3	68
ben	倴	3	68
ben	犇	3	68
ben	体	185047	25
ben	夯	618	48
beng	崩	2621	42
beng	泵	1288	45
beng	绷	792	47
beng	蹦	754	47
beng	迸	681	48
beng	甭	643	48
beng	嘣	118	55
beng	甏	21	61
beng	琫	10	64
beng	镚	0	74
beng	祊	0	74
beng	平	161072	26
beng	旁	17651	35
beng	榜	4559	40
beng	傍	1668	44
beng	蚌	910	46
beng	俸	819	47
beng	抨	473	49
beng	堋	99	55
beng	唪	4	67
bi	比	109773	27
bi	必	64539	29
bi	笔	21284	34
bi	毕	20945	34
bi	币	15910	35
bi	闭	15573	35
bi	避	14451	35
bi	壁	12589	36
bi	臂	7474	38
bi	鼻	7042	38
bi	逼	6595	38
bi	彼	5852	39
bi	碧	3746	41
bi	陛	2615	42
bi	弊	2087	43
bi	蔽	1987	43
bi	鄙	1972	43
bi	璧	1890	43
bi	婢	1616	44
bi	毙	1531	44
bian	变	89671	28
bian	便	84501	28
bian	边	69454	29
bian	编	45497	31
bian	遍	14565	35
bian	辩	5362	39
bian	辨	4949	40
bian	鞭	4317	40
bian	扁	3667	41
bian	匾	2661	42
bian	贬	1652	44
bian	卞	1377	45
bian	辫	1102	46
bian	汴	718	47
bian	蝙	334	50
bian	鳊	299	51
bian	弁	246	52
bian	砭	142	54
bian	苄	122	54
bian	笾	44	58
biao	表	184520	25
biao	标	44107	31
biao	彪	2456	42
biao	镖	2099	43
biao	婊	663	48
biao	鳔	579	48
biao	飙	291	51
biao	裱	190	53
biao	杓	158	53
biao	骠	150	54
biao	镳	146	54
biao	膘	93	55
biao	摽	25	61
biao	飑	23	61
biao	俵	9	64
biao	藨	9	64
biao	儦	5	66
biao	幖	4	67
biao	骉	0	74
biao	脿	0	74
bie	别	92663	28
bie	憋	1033	46
bie	鳖	597	48
bie	瘪	229	52
bie	蹩	82	56
bie	咇	2	69
bie	秘	19374	34
bie	拔	14352	35
bie	蔽	1987	43
bie	扒	1428	45
bie	撇	1411	45
bie	捌	63	57
bie	苾	17	62
bie	癿	2	69
bin	宾	6763	38
bin	滨	3716	41
bin	斌	2199	43
bin	濒	1076	46
bin	彬	1039	46
bin	殡	764	47
bin	鬓	650	48
bin	槟	429	49
bin	缤	291	51
bin	摈	192	53
bin	膑	70	57
bin	镔	69	57
bin	髌	48	58
bin	傧	34	59
bin	豳	31	60
bin	玢	19	62
bin	邠	15	63
bin	份	27855	33
bin	浜	7107	38
bin	攽	12	63
bing	并	120222	27
bing	兵	71018	29
bing	病	45778	31
bing	冰	12282	36
bing	秉	4434	40
bing	柄	4050	40
bing	禀	3522	41
bing	饼	3513	41
bing	丙	1778	44
bing	炳	1765	44
bing	摒	243	52
bing	昺	24	61
bing	邴	9	64
bing	蛃	5	66
bing	平	161072	26
bing	屏	4689	40
bing	拼	4544	40
bing	槟	429	49
bing	枋	119	54
bing	燹	47	58
bo	波	28283	33
bo	伯	19621	34
bo	博	19421	34
bo	播	14383	35
bo	拨	5337	39
bo	剥	4594	40
bo	玻	4008	40
bo	卜	3487	41
bo	勃	3014	42
bo	脖	2461	42
bo	搏	2210	43
bo	舶	2008	43
bo	驳	1759	44
bo	膊	1617	44
bo	渤	1049	46
bo	箔	628	48
bo	钵	621	48
bo	帛	617	48
bo	菠	465	49
bo	簸	371	50
bu	不	931744	19
bu	部	253178	24
bu	布	78338	29
bu	步	64534	29
bu	补	18582	34
bu	捕	10648	37
bu	怖	2429	42
bu	哺	1167	45
bu	簿	1152	45
bu	埠	737	47
bu	卟	129	54
bu	钚	127	54
bu	埗	89	56
bu	逋	72	56
bu	瓿	69	57
bu	醭	29	60
bu	晡	18	62
bu	蔀	6	66
bu	𬷕	0	74
bu	𫐓	0	74
ca	擦	4852	40
ca	嚓	396	50
ca	拆	5237	39
ca	蔡	3540	41
cai	才	86612	28
cai	采	38514	31
cai	财	32310	32
cai	材	26771	33
cai	菜	22784	34
cai	彩	18319	34
cai	裁	10718	37
cai	猜	4923	40
cai	蔡	3540	41
cai	踩	1396	45
cai	睬	728	47
cai	偲	7	65
can	参	53000	30
can	残	10388	37
can	餐	7021	38
can	惨	6308	39
can	蚕	1899	43
can	灿	1687	44
can	惭	1099	46
can	掺	573	48
can	粲	152	54
can	璨	149	54
can	孱	89	56
can	骖	18	62
can	黪	3	68
can	䅟	0	74
cang	藏	29021	33
cang	仓	3972	40
cang	舱	3910	41
cang	苍	3587	41
cang	沧	1682	44
cang	伧	36	59
cang	鸧	0	74
cang	臧	294	51
cao	草	27591	33
cao	操	16903	35
cao	曹	9443	37
cao	槽	3282	41
cao	漕	1262	45
cao	糙	650	48
cao	嘈	419	49
cao	艚	30	60
cao	螬	12	63
cao	𥕢	0	74
cao	造	58637	30
cao	澡	849	47
cao	慥	3	68
ce	策	29705	32
ce	测	23786	33
ce	侧	18875	34
ce	册	8007	38
ce	厕	1180	45
ce	恻	398	50
ce	赦	1973	43
ce	栅	1005	46
cen	涔	3148	41
cen	岑	484	49
cen	梣	7	65
cen	参	53000	30
ceng	曾	41980	31
ceng	层	35081	32
ceng	蹭	546	48
ceng	噌	65	57
ceng	嶒	12	63
ceng	增	67883	29
ceng	僧	9257	37
ceng	鄫	9	64
cha	察	43161	31
cha	查	37168	32
cha	差	28940	33
cha	茶	22580	34
cha	插	7868	38
cha	叉	3930	41
cha	诧	1466	44
cha	杈	1448	45
cha	岔	1228	45
cha	姹	843	47
cha	茬	830	47
cha	槎	579	48
cha	汊	487	49
cha	搽	161	53
cha	碴	131	54
cha	衩	104	55
cha	锸	53	58
cha	檫	21	61
cha	馇	18	62
cha	镲	6	66
chai	柴	5406	39
chai	拆	5237	39
chai	钗	583	48
chai	豺	198	52
chai	侪	70	57
chai	虿	53	58
chai	茝	5	66
chai	瘥	0	74
chai	查	37168	32
chai	差	28940	33
chai	搓	841	47
chai	茈	2	69
chan	产	202346	25
chan	缠	3684	41
chan	颤	3684	41
chan	澶	3506	41
chan	阐	3177	41
chan	禅	2919	42
chan	铲	1521	44
chan	蝉	933	46
chan	蟾	797	47
chan	搀	747	47
chan	馋	592	48
chan	谄	339	50
chan	忏	311	51
chan	浐	239	52
chan	谗	216	52
chan	婵	122	54
chan	潺	105	55
chan	梴	105	55
chan	廛	54	58
chan	儳	40	59
chang	常	130769	27
chang	场	129812	27
chang	昌	25790	33
chang	厂	21664	34
chang	唱	10424	37
chang	肠	8080	38
chang	偿	5282	39
chang	畅	4959	40
chang	尝	4879	40
chang	倡	3473	41
chang	敞	1357	45
chang	猖	495	49
chang	娼	443	49
chang	怅	371	50
chang	嫦	277	51
chang	阊	191	53
chang	苌	131	54
chang	氅	75	56
chang	徜	73	56
chang	菖	62	57
chao	朝	58202	30
chao	超	30099	32
chao	潮	12030	36
chao	炒	7361	38
chao	抄	2973	42
chao	吵	2678	42
chao	巢	2348	43
chao	嘲	1386	45
chao	钞	1338	45
chao	晁	363	50
chao	焯	347	50
chao	耖	7	65
chao	怊	2	69
chao	弨	2	69
chao	剿	2274	43
chao	绰	824	47
chao	槱	7	65
che	车	64751	29
che	撤	11066	36
che	彻	9202	37
che	扯	4414	40
che	澈	750	47
che	掣	699	47
che	砗	75	56
che	坼	18	62
che	㬚	0	74
che	池	9692	37
che	尺	7875	38
che	拆	5237	39
che	宅	3707	41
che	斥	3236	41
chen	陈	32093	32
chen	沉	20664	34
chen	臣	20595	34
chen	尘	5675	39
chen	晨	5012	40
chen	宸	3835	41
chen	趁	3578	41
chen	辰	3479	41
chen	衬	1590	44
chen	琛	1208	45
chen	嗔	753	47
chen	谌	663	48
chen	忱	436	49
chen	谶	335	50
chen	郴	148	54
chen	龀	109	55
chen	碜	86	56
chen	抻	68	57
chen	榇	48	58
chen	瞋	33	60
cheng	成	318983	23
cheng	城	146992	26
cheng	称	88563	28
cheng	程	88417	28
cheng	承	36272	32
cheng	乘	11841	36
cheng	呈	11537	36
cheng	诚	7733	38
cheng	惩	3735	41
cheng	撑	3650	41
cheng	丞	2521	42
cheng	澄	1535	44
cheng	橙	1125	46
cheng	逞	962	46
cheng	秤	611	48
cheng	铖	586	48
cheng	骋	336	50
cheng	晟	326	50
cheng	瞠	207	52
cheng	蛏	132	54
chi	持	60806	30
chi	吃	52333	30
chi	池	9692	37
chi	赤	8160	38
chi	尺	7875	38
chi	迟	6598	38
chi	齿	5441	39
chi	驰	4431	40
chi	斥	3236	41
chi	翅	3176	41
chi	耻	2643	42
chi	痴	1911	43
chi	嗤	1330	45
chi	敕	1040	46
chi	侈	906	46
chi	弛	767	47
chi	炽	689	48
chi	叱	604	48
chi	哧	545	48
chi	螭	452	49
chong	冲	33946	32
chong	充	24353	33
chong	崇	11730	36
chong	虫	11612	36
chong	宠	2461	42
chong	舂	371	50
chong	憧	293	51
chong	铳	282	51
chong	忡	280	51
chong	艟	29	60
chong	珫	20	61
chong	茺	11	64
chong	翀	11	64
chong	㳘	0	74
chong	埫	0	74
chong	摏	0	74
chong	种	189054	25
chong	重	172255	25
chong	涌	6733	38
chong	烛	2881	42
chou	抽	8915	37
chou	仇	6692	38
chou	筹	5794	39
chou	愁	4824	40
chou	臭	3926	41
chou	丑	3619	41
chou	酬	3236	41
chou	畴	2651	42
chou	绸	2169	43
chou	瞅	1682	44
chou	稠	906	46
chou	踌	642	48
chou	惆	188	53
chou	雠	127	54
chou	俦	90	56
chou	椆	37	59
chou	杻	5	66
chou	瘳	4	67
chou	犨	3	68
chou	侴	0	74
chu	出	370241	22
chu	处	95505	28
chu	除	44340	31
chu	初	44086	31
chu	楚	21714	34
chu	础	19991	34
chu	触	10843	36
chu	储	9308	37
chu	畜	4923	40
chu	厨	2350	43
chu	矗	843	47
chu	褚	790	47
chu	橱	718	47
chu	躇	653	48
chu	雏	648	48
chu	锄	601	48
chu	杵	460	49
chu	黜	404	50
chu	绌	391	50
chu	搐	304	51
chua	欻	10	64
chua	撮	1125	46
chuai	揣	998	46
chuai	踹	311	51
chuai	啜	203	52
chuai	嘬	72	56
chuai	搋	3	68
chuai	啐	240	52
chuan	传	70778	29
chuan	船	27498	33
chuan	穿	19396	34
chuan	川	15487	35
chuan	串	3738	41
chuan	喘	2651	42
chuan	椽	164	53
chuan	钏	149	54
chuan	舛	127	54
chuan	氚	55	58
chuan	遄	50	58
chuan	圌	3	68
chuan	踹	311	51
chuan	惴	291	51
chuan	掾	107	55
chuang	创	40543	31
chuang	床	14744	35
chuang	闯	9495	37
chuang	窗	8453	37
chuang	疮	987	46
chuang	幢	816	47
chuang	怆	166	53
chuang	噇	3	68
chuang	葱	1574	44
chuang	舂	371	50
chuang	囱	228	52
chuang	橦	26	60
chuang	漴	4	67
chui	吹	7943	38
chui	垂	7691	38
chui	椎	1829	44
chui	锤	1757	44
chui	捶	727	47
chui	炊	712	47
chui	棰	597	48
chui	槌	470	49
chui	陲	433	49
chui	倕	4	67
chui	惙	6	66
chui	圌	3	68
chui	魋	0	74
chun	春	26664	33
chun	纯	12168	36
chun	唇	3348	41
chun	醇	3314	41
chun	淳	1920	43
chun	蠢	1255	45
chun	椿	661	48
chun	莼	321	51
chun	鹑	198	52
chun	蝽	42	59
chun	堾	0	74
chun	瑃	0	74
chun	𬭚	0	74
chun	䲠	0	74
chun	沌	302	51
chun	朐	63	57
chun	肫	41	59
chun	楯	31	60
chuo	戳	1486	44
chuo	绰	824	47
chuo	辍	681	48
chuo	龊	165	53
chuo	踔	113	55
chuo	婼	27	60
chuo	惙	6	66
chuo	逴	3	68
chuo	促	12959	36
chuo	簇	1324	45
chuo	醛	891	46
chuo	躇	653	48
chuo	踱	580	48
chuo	淖	469	49
chuo	荃	389	50
chuo	焯	347	50
chuo	斫	220	52
chuo	啜	203	52
chuo	趵	50	58
chuo	蔟	10	64
ci	此	156391	26
ci	次	127479	27
ci	词	28361	33
ci	刺	18415	34
ci	磁	9154	37
ci	辞	8448	37
ci	慈	6896	38
ci	赐	4070	40
ci	瓷	3424	41
ci	雌	2616	42
ci	茨	2372	43
ci	祠	1505	44
ci	伺	1194	45
ci	糍	791	47
ci	佽	480	49
ci	疵	197	52
ci	泚	66	57
ci	呲	60	57
ci	鹚	58	57
ci	茈	2	69
cong	从	163454	26
cong	丛	5620	39
cong	聪	3803	41
cong	匆	2548	42
cong	葱	1574	44
cong	璁	1152	45
cong	淙	432	49
cong	熜	348	50
cong	囱	228	52
cong	骢	161	53
cong	苁	138	54
cong	琮	120	54
cong	枞	45	58
cong	悰	24	61
cong	窗	8453	37
cong	偬	60	57
cou	凑	2874	42
cou	辏	350	50
cou	腠	35	59
cou	族	83235	28
cou	奏	10886	36
cou	趣	8706	37
cou	簇	1324	45
cou	揍	294	51
cou	蔟	10	64
cu	促	12959	36
cu	粗	7510	38
cu	醋	1401	45
cu	簇	1324	45
cu	蹙	430	49
cu	猝	384	50
cu	蹴	176	53
cu	酢	130	54
cu	徂	12	63
cu	殂	12	63
cu	蔟	10	64
cu	且	45130	31
cu	趣	8706	37
cu	卒	5641	39
cu	戚	3120	41
cu	槭	140	54
cu	捽	43	59
cuan	窜	1652	44
cuan	篡	657	48
cuan	蹿	521	49
cuan	撺	173	53
cuan	爨	51	58
cuan	汆	16	62
cuan	镩	5	66
cuan	蹲	1832	44
cuan	攒	983	46
cuan	僔	0	74
cui	催	4356	40
cui	翠	3448	41
cui	脆	3208	41
cui	粹	1874	44
cui	摧	1793	44
cui	崔	1770	44
cui	萃	606	48
cui	悴	502	49
cui	淬	281	51
cui	啐	240	52
cui	璀	200	52
cui	瘁	163	53
cui	榱	33	60
cui	毳	10	64
cui	漼	2	69
cui	缞	0	74
cui	体	185047	25
cui	察	43161	31
cui	衰	6022	39
cui	卒	5641	39
cun	存	42235	31
cun	村	39620	31
cun	寸	4613	40
cun	忖	448	49
cun	皴	108	55
cun	邨	16	62
cun	蹲	1832	44
cun	浚	794	47
cuo	错	24347	33
cuo	措	11380	36
cuo	挫	2027	43
cuo	撮	1125	46
cuo	磋	1021	46
cuo	搓	841	47
cuo	棤	341	50
cuo	锉	168	53
cuo	厝	108	55
cuo	嵯	69	57
cuo	蹉	58	57
cuo	痤	48	58
cuo	鹾	39	59
cuo	矬	30	60
cuo	酂	8	65
cuo	脞	7	65
cuo	瑳	3	68
cuo	莝	2	69
cuo	最	153257	26
cuo	差	28940	33
da	大	764003	19
da	打	89631	28
da	达	84369	28
da	答	27625	33
da	搭	5888	39
da	鞑	1463	44
da	瘩	615	48
da	沓	500	49
da	嗒	452	49
da	靼	403	50
da	哒	368	50
da	耷	164	53
da	褡	122	54
da	怛	69	57
da	垯	62	57
da	跶	59	57
da	笪	54	58
da	妲	24	61
da	炟	15	63
da	阘	8	65
dai	代	213534	25
dai	带	70448	29
dai	待	30008	32
dai	戴	8107	38
dai	袋	7593	38
dai	贷	7252	38
dai	呆	6931	38
dai	逮	2009	43
dai	岱	1519	44
dai	歹	1476	44
dai	怠	1164	45
dai	傣	971	46
dai	黛	787	47
dai	绐	440	49
dai	殆	426	49
dai	迨	108	55
dai	玳	106	55
dai	呔	33	60
dai	埭	26	60
dai	骀	16	62
dan	但	144961	26
dan	单	57963	30
dan	弹	33025	32
dan	担	25176	33
dan	丹	14466	35
dan	蛋	13544	36
dan	胆	9528	37
dan	淡	9467	37
dan	旦	8466	37
dan	诞	3530	41
dan	耽	1593	44
dan	氮	1411	45
dan	惮	777	47
dan	澹	706	47
dan	郸	352	50
dan	掸	232	52
dan	疸	150	54
dan	眈	140	54
dan	殚	136	54
dan	儋	101	55
dang	当	174720	25
dang	党	76408	29
dang	荡	7483	38
dang	档	6225	39
dang	挡	5802	39
dang	垱	1547	44
dang	珰	526	49
dang	宕	505	49
dang	裆	212	52
dang	铛	136	54
dang	筜	128	54
dang	谠	116	55
dang	菪	101	55
dang	砀	93	55
dang	凼	88	56
dang	𬍡	0	74
dang	𣗋	0	74
dao	到	394566	22
dao	道	340116	23
dao	导	87247	28
dao	倒	37434	32
dao	岛	28344	33
dao	刀	26014	33
dao	盗	7031	38
dao	稻	3661	41
dao	蹈	2933	42
dao	捣	2255	43
dao	悼	941	46
dao	祷	921	46
dao	叨	768	47
dao	焘	499	49
dao	纛	104	55
dao	氘	81	56
dao	鱽	4	67
dao	捯	3	68
dao	忉	0	74
dao	舠	0	74
de	的	370114	22
de	得	285471	23
de	德	62490	29
de	锝	77	56
de	嘚	9	64
de	地	497829	21
de	底	38341	31
de	登	20638	34
de	陟	77	56
dei	得	285471	23
dei	嘚	9	64
den	扽	0	74
deng	等	238539	24
deng	登	20638	34
deng	灯	14910	35
deng	邓	8087	38
deng	瞪	2659	42
deng	凳	1451	45
deng	蹬	664	48
deng	磴	473	49
deng	镫	203	52
deng	噔	174	53
deng	戥	18	62
deng	嶝	5	66
deng	璒	0	74
deng	澄	1535	44
deng	橙	1125	46
deng	憕	0	74
di	地	497829	21
di	第	140335	26
di	帝	50802	30
di	低	42082	31
di	底	38341	31
di	弟	31192	32
di	敌	28998	33
di	抵	12940	36
di	递	8369	38
di	滴	5225	39
di	堤	4986	40
di	迪	4882	40
di	棣	3180	41
di	蒂	2977	42
di	缔	2300	43
di	笛	1845	44
di	狄	1554	44
di	砥	880	47
di	邸	720	47
di	涤	677	48
dia	嗲	99	55
dian	点	131111	27
dian	电	106619	27
dian	典	22838	34
dian	殿	18469	34
dian	店	16295	35
dian	颠	2881	42
dian	奠	2701	42
dian	甸	2284	43
dian	垫	2019	43
dian	淀	1842	44
dian	滇	1188	45
dian	佃	1114	46
dian	碘	855	47
dian	靛	564	48
dian	癫	449	49
dian	巅	448	49
dian	惦	420	49
dian	掂	344	50
dian	玷	132	54
dian	钿	100	55
diao	调	61857	30
diao	掉	14516	35
diao	雕	9874	37
diao	吊	4606	40
diao	钓	1679	44
diao	貂	689	48
diao	刁	546	48
diao	凋	341	50
diao	碉	332	50
diao	叼	216	52
diao	鲷	90	56
diao	铫	19	62
diao	铞	4	67
diao	汈	3	68
diao	窎	3	68
diao	刀	26014	33
diao	跳	15177	35
diao	挑	9477	37
diao	鸟	8476	37
diao	敦	5129	39
die	爹	7182	38
die	跌	5382	39
die	叠	3128	41
die	迭	1485	44
die	蝶	1453	45
die	碟	1333	45
die	牒	864	47
die	谍	698	47
die	喋	163	53
die	嗲	99	55
die	堞	70	57
die	鲽	53	58
die	耋	24	61
die	蹀	15	63
die	垤	11	64
die	瓞	3	68
die	昳	0	74
die	绖	0	74
die	䏲	0	74
die	𫶇	0	74
ding	定	206622	25
ding	顶	21129	34
ding	丁	14980	35
ding	订	10979	36
ding	鼎	3180	41
ding	钉	3153	41
ding	盯	2506	42
ding	叮	1588	44
ding	锭	905	46
ding	啶	269	51
ding	仃	156	53
ding	铤	139	54
ding	玎	93	55
ding	碇	72	56
ding	酊	58	57
ding	疔	53	58
ding	腚	36	59
ding	耵	8	65
ding	萣	3	68
ding	灯	14910	35
diu	丢	4872	40
diu	铥	8	65
dong	动	218880	24
dong	东	153183	26
dong	洞	21033	34
dong	董	9124	37
dong	冬	8576	37
dong	懂	7289	38
dong	冻	3358	41
dong	栋	1397	45
dong	侗	1133	46
dong	咚	761	47
dong	峒	292	51
dong	恫	127	54
dong	硐	96	55
dong	氡	74	56
dong	胴	48	58
dong	胨	44	58
dong	鸫	34	59
dong	岽	22	61
dong	垌	0	74
dong	𬟽	0	74
dou	都	230154	24
dou	斗	37687	31
dou	豆	10193	37
dou	抖	3818	41
dou	陡	2137	43
dou	兜	1863	44
dou	窦	1351	45
dou	逗	1162	45
dou	蚪	357	50
dou	痘	295	51
dou	篼	21	61
dou	蔸	12	63
dou	投	49332	30
dou	读	23797	33
dou	剅	2048	43
dou	逾	1319	45
dou	窬	89	56
dou	钭	14	63
du	度	141373	26
du	独	34332	32
du	读	23797	33
du	毒	22763	34
du	督	21038	34
du	渡	9828	37
du	杜	8332	38
du	肚	6940	38
du	赌	3126	41
du	堵	2988	42
du	睹	1663	44
du	笃	1029	46
du	妒	928	46
du	嘟	644	48
du	渎	567	48
du	镀	441	49
du	牍	318	51
du	犊	304	51
du	蠹	224	52
du	椟	153	53
duan	段	56897	30
duan	断	47083	31
duan	端	21695	34
duan	短	19116	34
duan	锻	2281	43
duan	缎	1082	46
duan	椴	127	54
duan	煅	85	56
duan	簖	3	68
duan	塅	0	74
duan	瑖	0	74
duan	踹	311	51
dui	对	293407	23
dui	队	93305	28
dui	堆	7204	38
dui	兑	3562	41
dui	怼	158	53
dui	镦	131	54
dui	碓	54	58
dui	祋	2	69
dui	追	18749	34
dui	敦	5129	39
dui	槌	470	49
dui	𬭚	0	74
dun	顿	17041	35
dun	吨	13733	36
dun	盾	7380	38
dun	敦	5129	39
dun	墩	3216	41
dun	蹲	1832	44
dun	炖	866	47
dun	钝	842	47
dun	遁	608	48
dun	沌	302	51
dun	囤	257	51
dun	盹	236	52
dun	趸	217	52
dun	惇	115	55
dun	楯	31	60
dun	砘	30	60
dun	蹾	13	63
dun	礅	12	63
dun	俊	6311	39
dun	豚	1475	44
duo	多	258511	24
duo	夺	14940	35
duo	躲	5551	39
duo	朵	5515	39
duo	舵	2190	43
duo	堕	1386	45
duo	跺	1232	45
duo	剁	842	47
duo	垛	829	47
duo	惰	629	48
duo	哆	587	48
duo	踱	580	48
duo	掇	555	48
duo	亸	431	49
duo	咄	412	50
duo	铎	293	51
duo	裰	149	54
duo	哚	46	58
duo	埵	8	65
duo	剟	6	66
e	额	24480	33
e	鄂	20366	34
e	俄	18072	34
e	恶	17085	35
e	饿	3693	41
e	鹅	3629	41
e	娥	2049	43
e	峨	1702	44
e	厄	1519	44
e	遏	1346	45
e	萼	1261	45
e	愕	1032	46
e	鳄	1006	46
e	扼	886	46
e	蛾	843	47
e	讹	572	48
e	噩	464	49
e	垩	343	50
e	颚	271	51
e	鹗	269	51
ei	欸	6	66
en	恩	20038	34
en	蒽	340	50
en	摁	105	55
er	而	229830	24
er	二	125792	27
er	儿	94354	28
er	尔	59142	30
er	耳	16440	35
er	饵	1041	46
er	迩	441	49
er	贰	342	50
er	洱	217	52
er	珥	54	58
er	鸸	45	58
er	鲕	20	61
er	铒	12	63
er	佴	0	74
er	陑	0	74
er	咡	0	74
er	峏	0	74
er	濡	713	47
er	臑	50	58
er	耏	0	74
fa	发	307433	23
fa	法	226299	24
fa	罚	7691	38
fa	乏	6630	38
fa	伐	6072	39
fa	阀	4202	40
fa	筏	702	47
fa	砝	158	53
fa	珐	153	53
fa	垡	38	59
fa	拔	14352	35
fa	泛	11362	36
fa	酦	0	74
fan	反	83968	28
fan	范	34955	32
fan	饭	20304	34
fan	犯	16345	35
fan	翻	16012	35
fan	繁	15505	35
fan	凡	12595	36
fan	泛	11362	36
fan	番	8796	37
fan	烦	7047	38
fan	返	6350	39
fan	贩	2607	42
fan	樊	2215	43
fan	帆	1877	43
fan	藩	1634	44
fan	蕃	1351	45
fan	梵	831	47
fan	矾	576	48
fan	钒	503	49
fan	幡	412	50
fang	方	267887	24
fang	放	85827	28
fang	防	41744	31
fang	房	38295	31
fang	访	13853	36
fang	纺	10641	37
fang	仿	6889	38
fang	芳	5487	39
fang	坊	4993	40
fang	妨	2627	42
fang	肪	1839	44
fang	鲂	127	54
fang	枋	119	54
fang	舫	101	55
fang	昉	96	55
fang	钫	51	58
fang	邡	23	61
fang	牥	7	65
fang	蚄	0	74
fang	彷	278	51
fei	非	62254	29
fei	飞	43378	31
fei	费	39553	31
fei	废	11189	36
fei	肥	9132	37
fei	菲	5554	39
fei	妃	5379	39
fei	肺	3596	41
fei	匪	2207	43
fei	啡	2113	43
fei	沸	2022	43
fei	斐	1379	45
fei	扉	564	48
fei	吠	509	49
fei	腓	498	49
fei	绯	431	49
fei	芾	369	50
fei	翡	354	50
fei	霏	309	51
fei	诽	290	51
fen	分	269625	24
fen	份	27855	33
fen	粉	13114	36
fen	奋	9891	37
fen	纷	8433	37
fen	愤	6362	39
fen	氛	3435	41
fen	芬	3320	41
fen	吩	3273	41
fen	坟	2467	42
fen	焚	2337	43
fen	粪	1402	45
fen	酚	1195	45
fen	瀵	740	47
fen	忿	663	48
fen	汾	597	48
fen	翂	281	51
fen	鲼	37	59
fen	棻	36	59
fen	偾	24	61
feng	风	80057	28
feng	封	32541	32
feng	丰	20948	34
feng	峰	14303	35
feng	奉	11907	36
feng	锋	9558	37
feng	凤	9202	37
feng	缝	4467	40
feng	蜂	4071	40
feng	疯	4024	40
feng	冯	3973	40
feng	逢	3686	41
feng	讽	1594	44
feng	俸	819	47
feng	枫	649	48
feng	烽	413	50
feng	葑	234	52
feng	沣	176	53
feng	酆	100	55
feng	砜	64	57
fo	佛	16796	35
fou	否	21095	34
fou	缶	98	55
fou	不	931744	19
fou	垺	4	67
fou	芣	2	69
fou	衃	0	74
fu	府	86685	28
fu	复	50614	30
fu	夫	48400	30
fu	服	44668	31
fu	副	40666	31
fu	富	37732	31
fu	负	36200	32
fu	父	35859	32
fu	福	25593	33
fu	妇	18064	34
fu	附	18026	34
fu	佛	16796	35
fu	付	16619	35
fu	幅	12013	36
fu	伏	9712	37
fu	符	9262	37
fu	腹	8903	37
fu	浮	8170	38
fu	腐	8151	38
fu	辅	7057	38
ga	尬	1460	44
ga	伽	1403	45
ga	噶	905	46
ga	嘎	727	47
ga	呷	226	52
ga	尕	113	55
ga	旮	67	57
ga	钆	13	63
ga	尜	0	74
ga	夹	5689	39
ga	咖	2022	43
ga	胳	1472	44
ga	轧	888	46
ga	戛	355	50
gai	改	80573	28
gai	该	61116	30
gai	概	16925	35
gai	盖	13220	36
gai	丐	3072	42
gai	钙	2015	43
gai	溉	1311	45
gai	垓	165	53
gai	赅	94	55
gai	陔	8	65
gai	戤	3	68
gai	荄	0	74
gai	晐	0	74
gai	核	27311	33
gai	汽	15569	35
gai	咳	2465	42
gai	骸	1025	46
gai	芥	949	46
gai	𬮿	0	74
gai	胲	0	74
gan	干	69400	29
gan	感	61882	30
gan	敢	25853	33
gan	赶	20093	34
gan	甘	9992	37
gan	杆	5776	39
gan	肝	5288	39
gan	赣	1618	44
gan	尴	1515	44
gan	柑	930	46
gan	竿	847	47
gan	苷	638	48
gan	橄	601	48
gan	秆	445	49
gan	酐	186	53
gan	绀	173	53
gan	擀	164	53
gan	淦	134	54
gan	矸	95	55
gan	旰	86	56
gang	刚	26081	33
gang	港	25533	33
gang	岗	15251	35
gang	钢	12890	36
gang	冈	7003	38
gang	纲	6876	38
gang	缸	1485	44
gang	杠	908	46
gang	肛	513	49
gang	罡	321	51
gang	冮	169	53
gang	戆	27	60
gang	筻	7	65
gang	矼	2	69
gang	㭎	0	74
gang	鿍	0	74
gang	堽	0	74
gang	抗	32991	32
gang	亢	1123	46
gang	扛	966	46
gao	高	226316	24
gao	告	50540	30
gao	搞	11159	36
gao	稿	4609	40
gao	糕	4401	40
gao	膏	2677	42
gao	皋	1147	45
gao	诰	1114	46
gao	镐	616	48
gao	睾	466	49
gao	羔	332	50
gao	篙	197	52
gao	缟	177	53
gao	锆	173	53
gao	槁	108	55
gao	杲	82	56
gao	筶	77	56
gao	藁	51	58
gao	槔	33	60
gao	郜	27	60
ge	个	494799	21
ge	各	146826	26
ge	革	61475	30
ge	格	58232	30
ge	哥	27421	33
ge	歌	15819	35
ge	阁	9801	37
ge	隔	9455	37
ge	割	6229	39
ge	葛	3550	41
ge	戈	3423	41
ge	搁	1858	44
ge	胳	1472	44
ge	鸽	1290	45
ge	咯	847	47
ge	铬	791	47
ge	骼	760	47
ge	疙	623	48
ge	滆	571	48
ge	圪	543	48
gei	给	90070	28
gen	根	58792	30
gen	跟	38786	31
gen	亘	398	50
gen	艮	287	51
gen	茛	47	58
gen	哏	38	59
gen	痕	2925	42
geng	更	88740	28
geng	耕	5464	39
geng	梗	1257	45
geng	羹	1176	45
geng	耿	971	46
geng	庚	842	47
geng	哽	655	48
geng	绠	331	50
geng	埂	275	51
geng	鲠	56	57
geng	暅	52	58
geng	赓	22	61
geng	浭	0	74
geng	𬒔	0	74
geng	鹒	0	74
geng	硬	12645	36
geng	颈	4266	40
geng	邢	1606	44
geng	亢	1123	46
geng	亘	398	50
gong	工	236972	24
gong	公	234016	24
gong	共	95681	28
gong	功	56018	30
gong	宫	38287	31
gong	供	35842	32
gong	攻	33562	32
gong	贡	10136	37
gong	拱	5806	39
gong	恭	4502	40
gong	弓	2779	42
gong	巩	2437	42
gong	躬	2059	43
gong	汞	1105	46
gong	龚	702	47
gong	蚣	640	48
gong	觥	199	52
gong	肱	131	54
gong	珙	89	56
gong	䢼	0	74
gou	构	50231	30
gou	够	24232	33
gou	购	14796	35
gou	沟	9539	37
gou	狗	8838	37
gou	勾	4623	40
gou	钩	2527	42
gou	苟	957	46
gou	垢	626	48
gou	枸	289	51
gou	媾	198	52
gou	佝	197	52
gou	彀	196	53
gou	诟	187	53
gou	篝	176	53
gou	岣	159	53
gou	姤	138	54
gou	笱	94	55
gou	鞲	51	58
gou	觏	23	61
gu	古	68834	29
gu	股	47609	31
gu	故	37228	32
gu	顾	23058	33
gu	固	19242	34
gu	姑	18401	34
gu	骨	17789	35
gu	谷	17123	35
gu	鼓	13749	36
gu	孤	8046	38
gu	估	7501	38
gu	雇	3084	42
gu	辜	1722	44
gu	咕	1609	44
gu	菇	1608	44
gu	沽	1553	44
gu	鸪	1050	46
gu	箍	785	47
gu	钴	610	48
gu	鹘	436	49
gua	挂	12433	36
gua	寡	7459	38
gua	瓜	5804	39
gua	刮	2508	42
gua	卦	2378	43
gua	褂	899	46
gua	剐	340	50
gua	聒	120	54
gua	诖	104	55
gua	胍	94	55
gua	鸹	80	56
gua	栝	18	62
gua	坬	0	74
gua	括	26494	33
gua	舌	4695	40
gua	惴	291	51
gua	呱	229	52
guai	怪	18216	34
guai	拐	3391	41
guai	乖	1736	44
guai	掴	32	60
guai	夬	2	69
guan	关	164235	26
guan	管	85732	28
guan	官	65954	29
guan	观	52101	30
guan	馆	18689	34
guan	冠	10300	37
guan	贯	9297	37
guan	惯	8525	37
guan	灌	5678	39
guan	棺	4531	40
guan	罐	3214	41
guan	莞	437	49
guan	倌	167	53
guan	掼	130	54
guan	鹳	113	55
guan	盥	83	56
guan	涫	65	57
guan	鳏	56	57
guan	筦	46	58
guan	琯	43	59
guang	光	80143	28
guang	广	68908	29
guang	逛	1458	45
guang	胱	532	49
guang	犷	182	53
guang	咣	169	53
guang	垙	69	57
guang	洸	58	57
guang	桄	7	65
guang	珖	0	74
guang	𨐈	0	74
guang	横	15209	35
guang	恍	1545	44
guang	潢	265	51
gui	规	81975	28
gui	贵	24981	33
gui	归	21993	34
gui	鬼	11924	36
gui	桂	8717	37
gui	跪	6167	39
gui	轨	5029	40
gui	柜	2836	42
gui	硅	2619	42
gui	龟	2554	42
gui	圭	1958	43
gui	瑰	1942	43
gui	诡	1637	44
gui	闺	1002	46
gui	傀	610	48
gui	癸	429	49
gui	珪	354	50
gui	鳜	317	51
gui	皈	310	51
gui	桧	295	51
gun	滚	6281	39
gun	棍	3317	41
gun	衮	1381	45
gun	绲	156	53
gun	鲧	130	54
gun	辊	83	56
gun	磙	34	59
gun	卷	15246	35
gun	混	13926	35
gun	琯	43	59
guo	国	724679	20
guo	过	278162	24
guo	果	89712	28
guo	郭	11241	36
guo	锅	7999	38
guo	裹	2582	42
guo	椁	781	47
guo	虢	133	54
guo	帼	122	54
guo	埚	62	57
guo	蝈	27	60
guo	崞	24	61
guo	呙	19	62
guo	腘	17	62
guo	蜾	11	64
guo	馘	7	65
guo	馃	6	66
guo	粿	0	74
guo	𬇹	0	74
guo	活	88997	28
ha	哈	17439	35
ha	蛤	587	48
ha	铪	45	58
ha	吓	6132	39
ha	呵	3252	41
ha	虾	2450	42
ha	獬	107	55
hai	还	198411	25
hai	海	133894	26
hai	害	30602	32
hai	孩	26833	33
hai	亥	2543	42
hai	骇	1853	44
hai	骸	1025	46
hai	嗐	585	48
hai	氦	443	49
hai	嗨	379	50
hai	醢	20	61
hai	咍	3	68
hai	胲	0	74
hai	咳	2465	42
hai	咴	50	58
hai	浬	5	66
han	汉	108584	27
han	含	22424	34
han	韩	12432	36
han	寒	11012	36
han	汗	9854	37
han	喊	9207	37
han	函	4471	40
han	旱	3683	41
han	罕	3682	41
han	翰	3188	41
han	涵	3009	42
han	憾	1701	44
han	悍	1204	45
han	撼	1128	46
han	焊	731	47
han	酣	704	47
han	捍	550	48
han	憨	514	49
han	邯	472	49
han	鼾	345	50
hang	航	33741	32
hang	杭	7482	38
hang	夯	618	48
hang	绗	543	48
hang	珩	336	50
hang	沆	24	61
hang	颃	16	62
hang	行	318272	23
hang	狼	5659	39
hang	狠	4318	40
hang	巷	3744	41
hang	炕	1851	44
hang	吭	1017	46
hang	肮	375	50
hang	桁	303	51
hang	酐	186	53
hao	好	178291	25
hao	号	72782	29
hao	毫	17961	34
hao	豪	8188	38
hao	耗	5218	39
hao	浩	4192	40
hao	灏	2234	43
hao	郝	1483	44
hao	蒿	1299	45
hao	壕	801	47
hao	嚎	615	48
hao	皓	496	49
hao	濠	367	50
hao	昊	171	53
hao	嗥	126	54
hao	貉	106	55
hao	蚝	75	56
hao	颢	67	57
hao	薅	38	59
hao	鄗	31	60
he	和	618308	20
he	合	140057	26
he	河	82549	28
he	何	71560	29
he	核	27311	33
he	喝	19614	34
he	荷	8919	37
he	赫	5656	39
he	贺	5613	39
he	鹤	4079	40
he	盒	3708	41
he	呵	3252	41
he	褐	2148	43
he	禾	2088	43
he	劾	852	47
he	颌	828	47
he	龢	732	47
he	菏	444	49
he	壑	426	49
he	阖	398	50
hei	黑	38987	31
hei	嘿	1457	45
hei	𬭶	0	74
hei	嗨	379	50
hen	很	100476	28
hen	恨	8362	38
hen	狠	4318	40
hen	痕	2925	42
hen	𬣳	0	74
hen	掀	2554	42
hen	艮	287	51
hen	哏	38	59
heng	横	15209	35
heng	衡	9256	37
heng	恒	5295	39
heng	哼	3571	41
heng	亨	2034	43
heng	桁	303	51
heng	蘅	86	56
heng	姮	58	57
heng	鸻	12	63
heng	堼	2	69
heng	行	318272	23
heng	珩	336	50
heng	訇	101	55
hng	哼	3571	41
hong	红	57648	30
hong	洪	22545	34
hong	宏	8835	37
hong	鸿	8543	37
hong	轰	6118	39
hong	哄	2977	42
hong	虹	2457	42
hong	烘	1659	44
hong	弘	1517	44
hong	讧	825	47
hong	闳	228	52
hong	泓	135	54
hong	訇	101	55
hong	竑	43	59
hong	薨	42	59
hong	纮	24	61
hong	蕻	16	62
hong	吽	12	63
hong	黉	5	66
hong	硔	3	68
hou	后	311767	23
hou	候	56399	30
hou	厚	15939	35
hou	侯	6227	39
hou	猴	4072	40
hou	喉	2827	42
hou	吼	1865	44
hou	逅	161	53
hou	鲎	128	54
hou	骺	53	58
hou	垕	43	59
hou	篌	37	59
hou	堠	17	62
hou	糇	17	62
hou	瘊	8	65
hou	齁	8	65
hou	郈	0	74
hou	𬭤	0	74
hou	鲘	0	74
hou	吽	12	63
hu	湖	112009	27
hu	护	40733	31
hu	户	32178	32
hu	乎	25814	33
hu	胡	25581	33
hu	呼	23098	33
hu	互	20704	34
hu	忽	20519	34
hu	狐	13377	36
hu	虎	12640	36
hu	糊	5453	39
hu	沪	3085	42
hu	壶	2794	42
hu	弧	1832	44
hu	瑚	1313	45
hu	葫	1258	45
hu	唬	1078	46
hu	蝴	670	48
hu	扈	608	48
hu	惚	438	49
hua	化	162185	26
hua	话	91695	28
hua	华	89270	28
hua	花	71972	29
hua	划	50038	30
hua	画	26962	33
hua	滑	8880	37
hua	哗	1790	44
hua	桦	761	47
hua	猾	499	49
hua	骅	321	51
hua	铧	78	56
hua	婳	16	62
hua	觟	0	74
hua	找	34906	32
hua	敌	28998	33
hua	哇	1796	44
hua	豁	1238	45
hua	叱	604	48
hua	稞	168	53
huai	怀	17931	34
huai	坏	14885	35
huai	淮	5477	39
huai	槐	1342	45
huai	徊	827	47
huai	踝	311	51
huai	划	50038	30
huai	圳	3992	40
huai	坯	390	50
huai	喟	109	55
huan	环	38169	31
huan	欢	24277	33
huan	换	23232	33
huan	缓	11015	36
huan	患	9700	37
huan	唤	4713	40
huan	幻	3691	41
huan	浣	2558	42
huan	焕	2403	43
huan	寰	2158	43
huan	桓	1573	44
huan	宦	1364	45
huan	獾	693	47
huan	痪	570	48
huan	鬟	516	49
huan	涣	381	50
huan	鲩	267	51
huan	豢	263	51
huan	圜	247	52
huan	洹	167	53
huang	黄	74074	29
huang	皇	63399	29
huang	荒	8391	38
huang	慌	5314	39
huang	晃	4075	40
huang	煌	3445	41
huang	凰	2083	43
huang	惶	1827	44
huang	恍	1545	44
huang	谎	1462	44
huang	簧	883	47
huang	幌	607	48
huang	蝗	582	48
huang	鳇	527	49
huang	潢	265	51
huang	徨	218	52
huang	湟	216	52
huang	璜	197	52
huang	隍	185	53
huang	肓	123	54
hui	会	447424	22
hui	回	111150	27
hui	挥	25791	33
hui	汇	13611	36
hui	灰	10840	36
hui	毁	8985	37
hui	恢	8693	37
hui	绘	7523	38
hui	辉	6503	39
hui	惠	6306	39
hui	徽	5620	39
hui	慧	4473	40
hui	悔	3409	41
hui	贿	1707	44
hui	讳	1454	45
hui	晖	1137	45
hui	诲	1041	46
hui	晦	989	46
hui	烩	907	46
hui	秽	731	47
hun	婚	16041	35
hun	混	13926	35
hun	魂	6549	38
hun	昏	4685	40
hun	浑	4260	40
hun	荤	971	46
hun	馄	204	52
hun	诨	193	53
hun	阍	52	58
hun	惛	32	60
hun	溷	20	61
hun	昆	6574	38
hun	棍	3317	41
hun	捆	1244	45
hun	珲	152	54
hun	湣	21	61
hun	婫	0	74
hun	碈	0	74
huo	或	102639	27
huo	活	88997	28
huo	火	54829	30
huo	获	34243	32
huo	货	22225	34
huo	伙	10537	37
huo	霍	4656	40
huo	祸	4452	40
huo	惑	3541	41
huo	佸	2603	42
huo	豁	1238	45
huo	夥	343	50
huo	镬	120	54
huo	蠖	119	54
huo	藿	66	57
huo	砉	41	59
huo	嚯	37	59
huo	锪	25	61
huo	攉	21	61
huo	濩	15	63
ji	机	185902	25
ji	级	117875	27
ji	及	117423	27
ji	己	95516	28
ji	基	93554	28
ji	计	92773	28
ji	几	89360	28
ji	济	76761	29
ji	技	75157	29
ji	记	73653	29
ji	集	69291	29
ji	即	65382	29
ji	际	58415	30
ji	积	55849	30
ji	极	54167	30
ji	纪	45966	31
ji	击	41991	31
ji	急	31561	32
ji	继	28138	33
ji	辑	27106	33
jia	家	329396	23
jia	加	140418	26
jia	价	57370	30
jia	架	26634	33
jia	假	21174	34
jia	甲	18696	34
jia	嘉	11244	36
jia	佳	10387	37
jia	驾	6986	38
jia	夹	5689	39
jia	贾	5676	39
jia	嫁	4173	40
jia	颊	1803	44
jia	钾	1573	44
jia	迦	1434	45
jia	稼	1227	45
jia	茄	978	46
jia	珈	567	48
jia	枷	560	48
jia	浃	356	50
jian	建	161590	26
jian	间	151600	26
jian	见	147934	26
jian	件	72551	29
jian	检	33519	32
jian	监	29715	32
jian	剑	26912	33
jian	简	25294	33
jian	坚	23896	33
jian	减	19405	34
jian	渐	17597	35
jian	健	15765	35
jian	兼	15081	35
jian	舰	14470	35
jian	尖	10172	37
jian	箭	9576	37
jian	键	8398	38
jian	肩	7503	38
jian	践	6685	38
jian	鉴	5546	39
jiang	将	156129	26
jiang	江	117445	27
jiang	降	31569	32
jiang	讲	26049	33
jiang	奖	15946	35
jiang	蒋	7869	38
jiang	疆	5793	39
jiang	匠	5122	39
jiang	浆	3746	41
jiang	姜	2676	42
jiang	僵	2540	42
jiang	酱	2072	43
jiang	桨	1037	46
jiang	缰	675	48
jiang	绛	535	49
jiang	犟	170	53
jiang	弶	60	57
jiang	豇	42	59
jiang	糨	32	60
jiang	鳉	20	61
jiao	教	118695	27
jiao	交	86004	28
jiao	叫	62527	29
jiao	较	58612	30
jiao	角	27788	33
jiao	脚	23826	33
jiao	焦	8907	37
jiao	胶	5917	39
jiao	郊	4514	40
jiao	椒	4274	40
jiao	轿	4040	40
jiao	娇	2337	43
jiao	剿	2274	43
jiao	缴	2158	43
jiao	搅	1889	43
jiao	骄	1787	44
jiao	礁	1395	45
jiao	浇	1358	45
jiao	绞	1356	45
jiao	窖	1161	45
jie	解	89229	28
jie	结	84889	28
jie	接	82241	28
jie	界	72668	29
jie	节	42928	31
jie	阶	30946	32
jie	街	27428	33
jie	介	20382	34
jie	届	19878	34
jie	借	15336	35
jie	姐	12619	36
jie	截	10615	37
jie	皆	8802	37
jie	戒	7626	38
jie	杰	6857	38
jie	揭	6131	39
jie	捷	5465	39
jie	洁	4857	40
jie	劫	3658	41
jie	竭	3033	42
jin	进	216021	25
jin	金	104351	27
jin	今	87663	28
jin	近	62397	29
jin	尽	33833	32
jin	仅	32295	32
jin	紧	30222	32
jin	禁	19219	34
jin	津	12543	36
jin	斤	9720	37
jin	劲	9662	37
jin	晋	9648	37
jin	锦	7919	38
jin	筋	4694	40
jin	谨	3635	41
jin	巾	2723	42
jin	浸	2475	42
jin	襟	1764	44
jin	瑾	524	49
jin	矜	487	49
jing	经	235484	24
jing	京	82964	28
jing	精	51450	30
jing	境	45693	31
jing	景	31172	32
jing	竟	29348	32
jing	惊	27460	33
jing	荆	25055	33
jing	静	18441	34
jing	警	18182	34
jing	径	14872	35
jing	竞	12429	36
jing	睛	12160	36
jing	敬	10976	36
jing	镜	10174	37
jing	晶	8477	37
jing	井	8454	37
jing	净	8359	38
jing	靖	5225	39
jing	颈	4266	40
jiong	炯	864	47
jiong	迥	695	47
jiong	窘	604	48
jiong	炅	36	59
jiong	冏	24	61
jiong	颎	22	61
jiong	扃	13	63
jiong	坰	0	74
jiong	泂	0	74
jiong	𬳶	0	74
jiong	䌹	0	74
jiong	坷	275	51
jiong	垧	7	65
jiu	就	311366	23
jiu	究	54755	30
jiu	九	34126	32
jiu	酒	30263	32
jiu	久	26455	33
jiu	救	22447	34
jiu	旧	18267	34
jiu	纠	4642	40
jiu	舅	1861	44
jiu	揪	1533	44
jiu	鸠	1004	46
jiu	灸	849	47
jiu	柩	692	47
jiu	阄	672	48
jiu	咎	551	48
jiu	疚	529	49
jiu	臼	483	49
jiu	桕	354	50
jiu	韭	240	52
jiu	鹫	236	52
ju	据	69316	29
ju	举	64010	29
ju	具	62300	29
ju	局	45385	31
ju	居	44442	31
ju	句	24936	33
ju	剧	24410	33
ju	巨	16356	35
ju	距	13410	36
ju	聚	13244	36
ju	拒	6156	39
ju	俱	5935	39
ju	惧	4646	40
ju	矩	3375	41
ju	炬	2160	43
ju	拘	1846	44
ju	菊	1843	44
ju	咀	1524	44
ju	驹	1111	46
ju	锯	1000	46
juan	卷	15246	35
juan	涓	13062	36
juan	捐	3226	41
juan	鹃	1844	44
juan	眷	1522	44
juan	倦	1519	44
juan	娟	1431	45
juan	绢	997	46
juan	隽	279	51
juan	镌	242	52
juan	鄄	148	54
juan	蠲	68	57
juan	锩	52	58
juan	狷	9	64
juan	桊	3	68
juan	焆	0	74
juan	身	123500	27
juan	圈	9518	37
juan	蕊	790	47
juan	眩	719	47
jue	决	87638	28
jue	觉	45092	31
jue	绝	31021	32
jue	掘	4510	40
jue	爵	3163	41
jue	诀	1736	44
jue	厥	1600	44
jue	嚼	1366	45
jue	崛	888	46
jue	抉	628	48
jue	倔	479	49
jue	獗	395	50
jue	蕨	362	50
jue	撅	319	51
jue	攫	318	51
jue	蹶	156	53
jue	傕	148	54
jue	谲	138	54
jue	噘	90	56
jue	镢	90	56
jun	军	199251	25
jun	均	42641	31
jun	君	15047	35
jun	郡	13378	36
jun	菌	6965	38
jun	俊	6311	39
jun	钧	2860	42
jun	峻	2429	42
jun	浚	794	47
jun	竣	732	47
jun	骏	599	48
jun	麇	37	59
jun	皲	36	59
jun	珺	12	63
jun	捃	8	65
jun	畯	5	66
jun	焌	4	67
jun	鲪	3	68
jun	莙	2	69
jun	晙	0	74
ka	卡	15581	35
ka	喀	3656	41
ka	咖	2022	43
ka	咔	327	50
ka	胩	38	59
ka	咯	847	47
kai	开	203309	25
kai	凯	6011	39
kai	慨	2869	42
kai	楷	930	46
kai	揩	548	48
kai	恺	345	50
kai	铠	278	51
kai	忾	267	51
kai	闿	93	55
kai	锴	30	60
kai	剀	20	61
kai	锎	20	61
kai	炌	0	74
kai	垲	0	74
kai	蒈	0	74
kai	核	27311	33
kai	喝	19614	34
kai	岂	6200	39
kai	渴	2555	42
kai	劾	852	47
kan	看	144449	26
kan	刊	7236	38
kan	堪	4541	40
kan	砍	4401	40
kan	勘	2030	43
kan	坎	1548	44
kan	槛	955	46
kan	瞰	851	47
kan	侃	492	49
kan	龛	326	50
kan	嵁	106	55
kan	戡	35	59
kan	崁	11	64
kan	莰	7	65
kan	磡	5	66
kan	衎	4	67
kan	墈	0	74
kan	喊	9207	37
kan	嵌	1846	44
kan	靬	27	60
kang	抗	32991	32
kang	康	21800	34
kang	炕	1851	44
kang	慷	1210	45
kang	亢	1123	46
kang	扛	966	46
kang	糠	463	49
kang	钪	101	55
kang	闶	78	56
kang	伉	63	57
kang	𡐓	0	74
kang	𩾌	0	74
kang	奋	9891	37
kang	荒	8391	38
kang	杭	7482	38
kang	坑	3701	41
kang	沆	24	61
kao	考	62608	29
kao	靠	18034	34
kao	烤	6104	39
kao	拷	666	48
kao	铐	417	50
kao	犒	231	52
kao	栲	137	54
kao	尻	79	56
kao	洘	3	68
kao	㸆	0	74
kao	搞	11159	36
kao	槁	108	55
kao	訄	3	68
kao	熇	3	68
ke	可	280202	23
ke	科	105470	27
ke	克	59001	30
ke	客	42330	31
ke	刻	31700	32
ke	课	14420	35
ke	颗	6088	39
ke	壳	5871	39
ke	柯	2913	42
ke	渴	2555	42
ke	咳	2465	42
ke	磕	2366	43
ke	棵	1948	43
ke	珂	1054	46
ke	苛	831	47
ke	恪	667	48
ke	蝌	434	49
ke	坷	275	51
ke	缂	261	51
ke	瞌	250	52
kei	刻	31700	32
kei	剋	10	64
ken	肯	16553	35
ken	恳	1450	45
ken	垦	1122	46
ken	啃	765	47
ken	龈	299	51
ken	裉	65	57
ken	狠	4318	40
ken	垠	117	55
ken	珢	0	74
ken	硍	0	74
keng	坑	3701	41
keng	吭	1017	46
keng	铿	495	49
keng	硁	12	63
keng	忐	236	52
keng	硎	148	54
keng	硍	0	74
kong	空	69232	29
kong	控	20969	34
kong	孔	13088	36
kong	恐	11645	36
kong	崆	275	51
kong	倥	58	57
kong	箜	34	59
kong	硿	3	68
kong	埪	2	69
kong	腔	5282	39
kong	穹	386	50
kong	矼	2	69
kou	口	143698	26
kou	扣	4730	40
kou	叩	2553	42
kou	寇	1688	44
kou	抠	384	50
kou	芤	89	56
kou	蔻	88	56
kou	眍	9	64
kou	筘	8	65
kou	𫸩	0	74
kou	挎	742	47
kou	佝	197	52
kou	彀	196	53
kou	刳	45	58
kou	竘	2	69
ku	苦	24477	33
ku	库	16521	35
ku	哭	12447	36
ku	枯	3373	41
ku	酷	3294	41
ku	窟	2735	42
ku	裤	2710	42
ku	绔	379	50
ku	骷	291	51
ku	喾	90	56
ku	刳	45	58
ku	矻	5	66
ku	圐	0	74
ku	古	68834	29
ku	圣	16171	35
ku	跨	6803	38
ku	掘	4510	40
ku	挎	742	47
ku	齁	8	65
ku	朏	5	66
kua	跨	6803	38
kua	夸	3796	41
kua	垮	1824	44
kua	挎	742	47
kua	胯	455	49
kua	姱	46	58
kua	侉	22	61
kua	髁	123	54
kuai	快	54947	30
kuai	块	24560	33
kuai	筷	1250	45
kuai	蒯	914	46
kuai	脍	128	54
kuai	狯	93	55
kuai	侩	48	58
kuai	哙	28	60
kuai	郐	24	61
kuai	鲙	2	69
kuai	㧟	0	74
kuai	会	447424	22
kuai	魁	1469	44
kuai	傀	610	48
kuai	浍	25	61
kuan	宽	16690	35
kuan	款	16230	35
kuan	髋	77	56
kuan	完	68818	29
kuan	棵	1948	43
kuang	况	45836	31
kuang	矿	22108	34
kuang	狂	7509	38
kuang	旷	2183	43
kuang	框	1833	44
kuang	眶	1060	46
kuang	匡	784	47
kuang	筐	468	49
kuang	诳	246	52
kuang	诓	180	53
kuang	哐	160	53
kuang	邝	72	56
kuang	圹	33	60
kuang	纩	9	64
kuang	贶	8	65
kuang	夼	6	66
kuang	洭	2	69
kuang	𫛭	0	74
kuang	兄	22017	34
kuang	呈	11537	36
kui	亏	5553	39
kui	溃	2994	42
kui	愧	2821	42
kui	魁	1469	44
kui	逵	1225	45
kui	盔	1218	45
kui	窥	1176	45
kui	奎	999	46
kui	葵	968	46
kui	馈	926	46
kui	夔	747	47
kui	戣	418	49
kui	匮	396	50
kui	隗	292	51
kui	睽	154	53
kui	喹	119	54
kui	喟	109	55
kui	馗	85	56
kui	揆	85	56
kui	聩	77	56
kun	困	16301	35
kun	昆	6574	38
kun	坤	3036	42
kun	捆	1244	45
kun	醌	374	50
kun	锟	176	53
kun	髡	127	54
kun	堃	47	58
kun	鲲	43	59
kun	阃	30	60
kun	悃	25	61
kun	壸	22	61
kun	焜	19	62
kun	琨	14	63
kun	裈	14	63
kun	鹍	2	69
kun	婫	0	74
kun	混	13926	35
kun	卵	5415	39
kuo	括	26494	33
kuo	扩	20270	34
kuo	阔	7976	38
kuo	廓	956	46
kuo	蛞	72	56
kuo	适	32101	32
kuo	栝	18	62
kuo	漷	6	66
la	拉	58207	30
la	啦	10488	37
la	腊	6532	39
la	辣	4566	40
la	喇	2990	42
la	蜡	2365	43
la	垃	1487	44
la	剌	1128	46
la	邋	75	56
la	旯	69	57
la	瘌	21	61
la	砬	21	61
la	镴	6	66
la	蝲	4	67
la	鞡	0	74
la	𬶟	0	74
la	落	40997	31
la	蓝	8550	37
lai	来	479555	21
lai	莱	6660	38
lai	赖	6123	39
lai	睐	732	47
lai	涞	310	51
lai	籁	223	52
lai	癞	211	52
lai	梾	163	53
lai	崃	160	53
lai	徕	112	55
lai	濑	62	57
lai	赉	60	57
lai	铼	32	60
lai	俫	3	68
lai	黧	56	57
lai	釐	28	60
lan	兰	28856	33
lan	览	8727	37
lan	蓝	8550	37
lan	拦	5250	39
lan	烂	5104	39
lan	篮	4721	40
lan	栏	4665	40
lan	滥	2072	43
lan	懒	1981	43
lan	揽	1524	44
lan	澜	1262	45
lan	缆	1217	45
lan	岚	744	47
lan	榄	711	47
lan	婪	528	49
lan	斓	436	49
lan	阑	305	51
lan	褴	172	53
lan	襕	60	57
lan	镧	53	58
lang	朗	10454	37
lang	郎	9198	37
lang	浪	8938	37
lang	廊	5673	39
lang	狼	5659	39
lang	琅	879	47
lang	埌	743	47
lang	啷	592	48
lang	螂	250	52
lang	榔	243	52
lang	阆	114	55
lang	莨	93	55
lang	锒	73	56
lang	烺	42	59
lang	蒗	27	60
lang	稂	24	61
lang	桹	3	68
lang	崀	0	74
lang	㫰	0	74
lang	蓢	0	74
lao	老	118449	27
lao	劳	32393	32
lao	牢	4696	40
lao	捞	2384	43
lao	姥	1350	45
lao	佬	909	46
lao	涝	789	47
lao	烙	628	48
lao	酪	340	50
lao	唠	302	51
lao	潦	258	51
lao	崂	229	52
lao	痨	136	54
lao	醪	84	56
lao	嫪	36	59
lao	铑	35	59
lao	栳	10	64
lao	耢	9	64
lao	荖	8	65
lao	铹	7	65
le	了	942514	19
le	乐	44170	31
le	肋	802	47
le	叻	66	57
le	鳓	15	63
le	泐	10	64
le	饹	7	65
le	仂	0	74
le	簕	0	74
le	勒	10922	36
le	嘞	57	57
lei	类	72325	29
lei	雷	17689	35
lei	累	12347	36
lei	勒	10922	36
lei	泪	10207	37
lei	垒	1672	44
lei	蕾	971	46
lei	擂	837	47
lei	儡	594	48
lei	磊	384	50
lei	嫘	289	51
lei	镭	135	54
lei	诔	92	56
lei	缧	91	56
lei	耒	76	56
lei	羸	58	57
lei	嘞	57	57
lei	礌	37	59
lei	酹	17	62
lei	罍	16	62
len	啉	134	54
leng	冷	21024	34
leng	愣	2164	43
leng	棱	1766	44
leng	楞	915	46
leng	崚	302	51
leng	塄	50	58
leng	堎	3	68
li	里	237338	24
li	理	186731	25
li	力	182858	25
li	立	124434	27
li	利	119909	27
li	历	66640	29
li	李	62259	29
li	离	41381	31
li	例	31232	32
li	礼	26789	33
li	丽	14927	35
li	黎	9202	37
li	隶	8354	38
li	厉	8332	38
li	粒	6599	38
li	励	5291	39
li	吏	5193	39
li	厘	5124	39
li	璃	5032	40
li	哩	4604	40
lia	俩	4524	40
lian	联	69066	29
lian	连	60615	30
lian	脸	33910	32
lian	练	23846	33
lian	莲	10795	36
lian	炼	6886	38
lian	链	4653	40
lian	恋	4537	40
lian	怜	3677	41
lian	廉	3426	41
lian	帘	2104	43
lian	敛	1561	44
lian	濂	1385	45
lian	鲢	873	47
lian	涟	534	49
lian	镰	415	50
lian	楝	273	51
lian	琏	269	51
lian	殓	261	51
lian	奁	170	53
liang	两	174849	25
liang	量	117846	27
liang	良	26119	33
liang	亮	20651	34
liang	粮	14113	35
liang	梁	12641	36
liang	辆	7663	38
liang	凉	6973	38
liang	谅	2526	42
liang	粱	794	47
liang	踉	495	49
liang	椋	424	49
liang	晾	388	50
liang	魉	80	56
liang	俍	5	66
liang	墚	2	69
liang	𬜯	0	74
liang	悢	0	74
liang	𫟅	0	74
liang	辌	0	74
liao	料	50154	30
liao	疗	15640	35
liao	辽	9136	37
liao	聊	3084	42
liao	僚	2663	42
liao	寮	1405	45
liao	廖	977	46
liao	撩	699	47
liao	缭	530	49
liao	寥	524	49
liao	撂	412	50
liao	燎	381	50
liao	瞭	277	51
liao	镣	239	52
liao	獠	186	53
liao	嘹	139	54
liao	蓼	127	54
liao	钌	57	57
liao	髎	39	59
liao	尥	37	59
lie	列	45067	31
lie	烈	19663	34
lie	裂	9773	37
lie	猎	4526	40
lie	劣	3437	41
lie	咧	958	46
lie	冽	165	53
lie	洌	138	54
lie	鬣	136	54
lie	趔	85	56
lie	埒	33	60
lie	捩	29	60
lie	躐	10	64
lie	䴕	0	74
lie	脟	0	74
lie	𫚭	0	74
lie	例	31232	32
lie	累	12347	36
lie	栗	1934	43
lie	膊	1617	44
lin	林	64683	29
lin	临	26117	33
lin	邻	6716	38
lin	磷	3660	41
lin	霖	3168	41
lin	淋	2886	42
lin	鳞	2559	42
lin	琳	1961	43
lin	凛	1415	45
lin	麟	946	46
lin	拎	582	48
lin	赁	480	49
lin	躏	429	49
lin	璘	379	50
lin	吝	339	50
lin	嶙	181	53
lin	遴	142	54
lin	廪	135	54
lin	啉	134	54
lin	蔺	100	55
ling	领	93543	28
ling	令	52482	30
ling	另	37455	32
ling	陵	19300	34
ling	灵	19126	34
ling	岭	13062	36
ling	零	9678	37
ling	龄	8717	37
ling	凌	5198	39
ling	菱	3026	42
ling	铃	2298	43
ling	玲	1498	44
ling	伶	828	47
ling	羚	747	47
ling	棂	562	48
ling	苓	530	49
ling	绫	401	50
ling	聆	297	51
ling	翎	224	52
ling	呤	172	53
liu	流	90815	28
liu	六	38198	31
liu	留	31790	32
liu	刘	30800	32
liu	柳	7984	38
liu	瘤	3893	41
liu	溜	3387	41
liu	硫	2924	42
liu	琉	2358	43
liu	浏	1823	44
liu	榴	1816	44
liu	馏	590	48
liu	镏	434	49
liu	绺	180	53
liu	遛	134	54
liu	鎏	115	55
liu	镠	113	55
liu	鹨	45	58
liu	旒	44	58
liu	熘	44	58
lo	咯	847	47
long	龙	43093	31
long	隆	11597	36
long	笼	4639	40
long	垄	2204	43
long	拢	1741	44
long	聋	871	47
long	陇	800	47
long	胧	797	47
long	珑	650	48
long	咙	610	48
long	窿	476	49
long	砻	188	53
long	茏	120	54
long	眬	109	55
long	栊	62	57
long	泷	33	60
long	癃	22	61
long	昽	0	74
long	哢	0	74
long	漋	0	74
lou	楼	33878	32
lou	漏	4378	40
lou	剅	2048	43
lou	搂	1486	44
lou	陋	1218	45
lou	镂	656	48
lou	喽	551	48
lou	娄	333	50
lou	篓	328	50
lou	髅	277	51
lou	偻	232	52
lou	瘘	115	55
lou	蝼	102	55
lou	嵝	39	59
lou	耧	23	61
lou	蒌	22	61
lou	溇	7	65
lou	䁖	0	74
lou	𪣻	0	74
lou	露	19888	34
lu	路	121025	27
lu	陆	33758	32
lu	录	21109	34
lu	露	19888	34
lu	鲁	14526	35
lu	鹿	9674	37
lu	卢	6102	39
lu	炉	5558	39
lu	芦	3397	41
lu	禄	2324	43
lu	虏	2311	43
lu	麓	2109	43
lu	庐	1972	43
lu	卤	1929	43
lu	胪	1741	44
lu	碌	1360	45
lu	颅	828	47
lu	赂	806	47
lu	戮	803	47
lu	璐	709	47
luan	乱	26296	33
luan	卵	5415	39
luan	鸾	503	49
luan	挛	428	49
luan	峦	379	50
luan	滦	323	51
luan	銮	275	51
luan	娈	183	53
luan	孪	164	53
luan	栾	88	56
luan	脔	20	61
luan	脟	0	74
lun	论	76324	29
lun	轮	18075	34
lun	伦	12502	36
lun	仑	2110	43
lun	沦	1929	43
lun	纶	454	49
lun	抡	348	50
lun	囵	104	55
lun	𫭢	0	74
lun	𬬭	0	74
luo	罗	41120	31
luo	落	40997	31
luo	络	14084	35
luo	洛	13693	36
luo	逻	4176	40
luo	螺	2889	42
luo	珞	2686	42
luo	萝	1803	44
luo	裸	1745	44
luo	锣	1527	44
luo	骡	1280	45
luo	骆	1208	45
luo	椤	392	50
luo	啰	302	51
luo	箩	233	52
luo	雒	231	52
luo	摞	229	52
luo	漯	127	54
luo	荦	81	56
luo	瘰	36	59
lv	律	46016	31
lv	率	43494	31
lv	旅	34652	32
lv	绿	16663	35
lv	虑	12965	36
lv	吕	3980	40
lv	履	3712	41
lv	氯	2345	43
lv	屡	2158	43
lv	铝	2076	43
lv	驴	2073	43
lv	滤	1331	45
lv	侣	1032	46
lv	缕	969	46
lv	捋	540	48
lv	榈	337	50
lv	闾	298	51
lv	膂	151	54
lv	褛	149	54
lv	垏	60	57
lve	略	29479	32
lve	掠	3665	41
lve	锊	63	57
lve	䂮	0	74
lve	圙	0	74
lve	率	43494	31
m	呣	4	67
m	唔	488	49
m	呒	60	57
ma	马	95488	28
ma	吗	21792	34
ma	麻	15089	35
ma	妈	14012	35
ma	码	12777	36
ma	骂	9935	37
ma	嘛	4802	40
ma	玛	3971	40
ma	杩	3505	41
ma	蚂	804	47
ma	蟆	547	48
ma	嬷	254	51
ma	犸	43	59
ma	孖	6	66
ma	祃	5	66
ma	唛	0	74
ma	么	169588	25
ma	摩	10120	37
ma	抹	3477	41
ma	靡	1041	46
mai	买	21608	34
mai	卖	19592	34
mai	脉	12091	36
mai	麦	10194	37
mai	埋	5897	39
mai	迈	3731	41
mai	霾	200	52
mai	劢	28	60
mai	荬	5	66
mai	鿏	0	74
mai	派	46809	31
mai	哩	4604	40
mai	咪	549	48
mai	唛	0	74
man	满	44738	31
man	慢	12689	36
man	曼	7193	38
man	漫	6581	38
man	蛮	3320	41
man	瞒	2535	42
man	蔓	1025	46
man	馒	835	47
man	幔	405	50
man	谩	383	50
man	螨	341	50
man	鳗	295	51
man	缦	63	57
man	鞔	52	58
man	嫚	37	59
man	颟	18	62
man	鬘	10	64
man	墁	9	64
man	镘	4	67
man	𬜬	0	74
mang	忙	21473	34
mang	芒	3233	41
mang	盲	2743	42
mang	茫	2572	42
mang	莽	1389	45
mang	氓	798	47
mang	蟒	535	49
mang	邙	62	57
mang	牻	18	62
mang	杧	17	62
mang	硭	15	63
mang	尨	15	63
mang	牤	6	66
mang	漭	2	69
mang	朦	754	47
mang	厖	55	58
mang	瞢	6	66
mao	毛	34005	32
mao	贸	13627	36
mao	冒	9800	37
mao	貌	8986	37
mao	矛	7334	38
mao	茅	4372	40
mao	帽	3869	41
mao	猫	3771	41
mao	茂	3449	41
mao	卯	811	47
mao	髦	570	48
mao	锚	538	48
mao	瑁	286	51
mao	峁	281	51
mao	牦	256	51
mao	铆	195	53
mao	懋	145	54
mao	耄	121	54
mao	袤	117	55
mao	楙	70	57
me	么	169588	25
me	没	157549	26
me	末	16422	35
me	麽	486	49
mei	没	157549	26
mei	美	113355	27
mei	每	65391	29
mei	梅	10831	36
mei	妹	10032	37
mei	媒	9593	37
mei	煤	8080	38
mei	眉	7270	38
mei	枚	5978	39
mei	霉	2507	42
mei	酶	2145	43
mei	媚	1775	44
mei	魅	1344	45
mei	嵋	1321	45
mei	玫	1295	45
mei	昧	1244	45
mei	浼	949	46
mei	镁	831	47
mei	寐	362	50
mei	楣	237	52
men	们	314727	23
men	门	222106	24
men	闷	3932	41
men	焖	1145	45
men	懑	155	53
men	扪	127	54
men	钔	19	62
men	𫞩	0	74
men	汶	544	48
men	亹	66	57
men	鞔	52	58
men	惛	32	60
men	呇	0	74
meng	蒙	19549	34
meng	盟	12478	36
meng	猛	11275	36
meng	梦	10535	37
meng	孟	5031	40
meng	锰	1324	45
meng	萌	1145	45
meng	朦	754	47
meng	檬	500	49
meng	懵	313	51
meng	虻	259	51
meng	蠓	115	55
meng	勐	84	56
meng	艋	40	59
meng	艨	40	59
meng	蜢	29	60
meng	獴	15	63
meng	甍	14	63
meng	礞	12	63
meng	瞢	6	66
mi	米	90381	28
mi	密	34383	32
mi	秘	19374	34
mi	迷	10098	37
mi	弥	4635	40
mi	泌	2969	42
mi	蜜	2829	42
mi	麋	2199	43
mi	觅	1732	44
mi	谜	1657	44
mi	靡	1041	46
mi	眯	825	47
mi	醚	737	47
mi	縻	675	48
mi	咪	549	48
mi	糜	541	48
mi	猕	260	51
mi	幂	199	52
mi	谧	179	53
mi	宓	158	53
mian	面	221902	24
mian	免	26841	33
mian	棉	9878	37
mian	眠	3220	41
mian	绵	3174	41
mian	沔	2648	42
mian	勉	2244	43
mian	缅	1764	44
mian	冕	708	47
mian	娩	378	50
mian	腼	219	52
mian	湎	186	53
mian	渑	71	57
mian	勔	20	61
mian	眄	10	64
mian	偭	8	65
mian	丏	0	74
mian	愐	0	74
mian	𩾃	0	74
mian	冥	1066	46
miao	庙	14527	35
miao	苗	9377	37
miao	妙	8057	38
miao	描	7068	38
miao	秒	5243	39
miao	瞄	1476	44
miao	渺	650	48
miao	喵	547	48
miao	缈	326	50
miao	藐	241	52
miao	淼	176	53
miao	邈	103	55
miao	眇	31	60
miao	鹋	31	60
miao	杪	15	63
miao	猫	3771	41
miao	吵	2678	42
miao	缪	378	50
miao	蜱	57	57
mie	灭	13570	36
mie	蔑	814	47
mie	篾	146	54
mie	乜	83	56
mie	咩	59	57
mie	咪	549	48
min	民	336799	23
min	敏	8985	37
min	闽	1576	44
min	闵	589	48
min	悯	483	49
min	抿	429	49
min	皿	328	50
min	岷	325	50
min	泯	168	53
min	黾	105	55
min	缗	91	56
min	愍	59	57
min	旻	52	58
min	湣	21	61
min	珉	10	64
min	忞	10	64
min	鳘	5	66
min	苠	0	74
min	碈	0	74
min	眠	3220	41
ming	明	162024	26
ming	名	155473	26
ming	命	90811	28
ming	鸣	5289	39
ming	铭	3143	41
ming	冥	1066	46
ming	洺	533	49
ming	茗	288	51
ming	瞑	218	52
ming	螟	145	54
ming	溟	68	57
ming	酩	38	59
ming	暝	29	60
ming	蓂	2	69
ming	盟	12478	36
ming	萌	1145	45
ming	皿	328	50
miu	谬	1129	46
miu	缪	378	50
mo	模	36666	32
mo	末	16422	35
mo	莫	15414	35
mo	摩	10120	37
mo	默	9042	37
mo	墨	8603	37
mo	摸	8179	38
mo	磨	8131	38
mo	魔	7056	38
mo	膜	5779	39
mo	漠	5588	39
mo	抹	3477	41
mo	沫	1772	44
mo	陌	1459	45
mo	摹	1022	46
mo	蓦	987	46
mo	寞	881	47
mo	蘑	748	47
mo	谟	665	48
mo	馍	513	49
mou	某	22769	34
mou	谋	11957	36
mou	牟	952	46
mou	缪	378	50
mou	眸	341	50
mou	鍪	177	53
mou	蛑	69	57
mou	侔	45	58
mou	哞	17	62
mou	件	72551	29
mou	毋	752	47
mou	婺	200	52
mou	袤	117	55
mou	呣	4	67
mu	目	93633	28
mu	木	39196	31
mu	母	30326	32
mu	墓	14615	35
mu	亩	8899	37
mu	幕	8192	38
mu	牧	8079	38
mu	姆	6633	38
mu	慕	5544	39
mu	穆	5516	39
mu	募	2126	43
mu	暮	1767	44
mu	沐	1617	44
mu	牡	1532	44
mu	拇	1184	45
mu	睦	1123	46
mu	钼	377	50
mu	苜	92	56
mu	仫	63	57
mu	毪	4	67
n	嗯	2216	43
n	哽	655	48
n	唔	488	49
n	哏	38	59
n	唵	33	60
na	那	213455	25
na	拿	31063	32
na	哪	28415	33
na	纳	20715	34
na	娜	4562	40
na	钠	2098	43
na	呐	1477	44
na	捺	526	49
na	衲	523	49
na	肭	39	59
na	镎	28	60
na	乸	5	66
na	𦰡	0	74
na	南	159773	26
na	内	158227	26
na	絮	1134	46
na	呶	107	55
na	箬	35	59
nai	乃	8895	37
nai	奶	7927	38
nai	耐	6519	39
nai	奈	4833	40
nai	氖	558	48
nai	鼐	307	51
nai	艿	240	52
nai	萘	165	53
nai	柰	14	63
nai	迺	10	64
nai	耏	0	74
nai	能	250405	24
nai	那	213455	25
nai	哪	28415	33
nai	佴	0	74
nan	南	159773	26
nan	难	67703	29
nan	男	27653	33
nan	楠	1146	45
nan	喃	1145	45
nan	赧	68	57
nan	腩	35	59
nan	囡	33	60
nan	蝻	8	65
nan	婻	2	69
nan	萳	0	74
nan	冉	560	48
nan	罱	36	59
nan	弇	24	61
nang	囊	4531	40
nang	囔	143	54
nang	馕	121	54
nang	攮	23	61
nang	曩	20	61
nang	齉	2	69
nang	瀼	14	63
nang	蘘	12	63
nao	脑	20439	34
nao	闹	10447	37
nao	恼	4149	40
nao	挠	1482	44
nao	瑙	1479	44
nao	淖	469	49
nao	呶	107	55
nao	孬	89	56
nao	铙	85	56
nao	蛲	81	56
nao	猱	69	57
nao	臑	50	58
nao	硇	40	59
nao	峱	9	64
nao	垴	4	67
ne	呢	28993	33
ne	讷	368	50
ne	那	213455	25
ne	哪	28415	33
ne	呐	1477	44
ne	疔	53	58
nei	内	158227	26
nei	馁	210	52
nei	那	213455	25
nei	哪	28415	33
nen	嫩	4437	40
nen	恁	380	50
nen	臑	50	58
nen	枘	36	59
nen	媆	0	74
neng	能	250405	24
neng	而	229830	24
neng	耐	6519	39
ng	嗯	2216	43
ng	哽	655	48
ng	唔	488	49
ng	唵	33	60
ni	你	258685	24
ni	尼	26893	33
ni	泥	12203	36
ni	拟	6659	38
ni	逆	4544	40
ni	腻	1607	44
ni	倪	1165	45
ni	妮	911	46
ni	匿	767	47
ni	溺	600	48
ni	霓	502	49
ni	鲵	373	50
ni	昵	295	51
ni	睨	209	52
ni	怩	137	54
ni	铌	136	54
ni	旎	112	55
ni	猊	76	56
ni	伲	60	57
ni	坭	23	61
nian	年	493907	21
nian	念	31074	32
nian	拈	1283	45
nian	碾	1121	46
nian	捻	847	47
nian	辇	801	47
nian	黏	661	48
nian	辗	543	48
nian	鲇	445	49
nian	撵	422	49
nian	廿	235	52
nian	蔫	177	53
nian	埝	12	63
nian	粘	4017	40
nian	趁	3578	41
niang	娘	23866	33
niang	酿	1940	43
niao	鸟	8476	37
niao	尿	4720	40
niao	袅	298	51
niao	脲	115	55
niao	茑	8	65
niao	溺	600	48
niao	尥	37	59
nie	捏	2259	43
nie	涅	1446	45
nie	聂	1210	45
nie	孽	1043	46
nie	镍	956	46
nie	蹑	285	51
nie	啮	232	52
nie	嗫	213	52
nie	颞	103	55
nie	蘖	103	55
nie	镊	80	56
nie	臬	63	57
nie	陧	13	63
nie	菍	2	69
nie	糵	2	69
nie	嵲	0	74
nie	𫔶	0	74
nie	哪	28415	33
nie	泥	12203	36
nie	幸	11916	36
nin	您	15079	35
nin	恁	380	50
ning	宁	23430	33
ning	凝	6727	38
ning	拧	724	47
ning	甯	552	48
ning	柠	390	50
ning	狞	368	50
ning	佞	275	51
ning	咛	190	53
ning	泞	187	53
ning	聍	6	66
ning	苧	0	74
ning	年	493907	21
ning	疑	15776	35
ning	冰	12282	36
ning	泥	12203	36
ning	攘	749	47
niu	牛	21176	34
niu	纽	5182	39
niu	扭	4070	40
niu	妞	483	49
niu	钮	373	50
niu	忸	133	54
niu	狃	6	66
niu	拗	770	47
niu	蚴	174	53
niu	杻	5	66
nong	农	69351	29
nong	弄	9448	37
nong	浓	8421	37
nong	脓	1002	46
nong	哝	378	50
nong	侬	100	55
nong	秾	53	58
nong	𬪩	0	74
nong	咔	327	50
nou	耨	31	60
nou	嬬	352	50
nu	怒	14433	35
nu	奴	13890	35
nu	努	9815	37
nu	弩	826	47
nu	驽	66	57
nu	胬	32	60
nu	孥	30	60
nu	傉	25	61
nu	砮	3	68
nu	笯	3	68
nu	仅	32295	32
nu	褥	504	49
nu	呶	107	55
nu	帑	92	56
nu	肭	39	59
nuan	暖	10803	36
nuan	濡	713	47
nuan	暧	220	52
nuan	臑	50	58
nun	媆	0	74
nuo	诺	10123	37
nuo	挪	2367	43
nuo	糯	1772	44
nuo	懦	615	48
nuo	喏	368	50
nuo	搦	147	54
nuo	傩	123	54
nuo	锘	38	59
nuo	那	213455	25
nuo	需	46152	31
nuo	哪	28415	33
nuo	掉	14516	35
nuo	娜	4562	40
nuo	呐	1477	44
nuo	濡	713	47
nuo	𦰡	0	74
nuo	堧	0	74
nv	女	92575	28
nv	衄	58	57
nv	钕	42	59
nv	恧	5	66
nv	絮	1134	46
nv	胬	32	60
nv	狃	6	66
nve	虐	915	46
nve	疟	346	50
o	哦	3548	41
o	噢	817	47
o	喔	125	54
o	嚄	0	74
ou	欧	25631	33
ou	偶	6132	39
ou	藕	4793	40
ou	呕	1200	45
ou	殴	512	49
ou	鸥	328	50
ou	瓯	247	52
ou	耦	231	52
ou	讴	130	54
ou	沤	121	54
ou	怄	100	55
ou	𬉼	0	74
ou	𠙶	0	74
ou	𫭟	0	74
ou	区	213855	25
ou	遇	18782	34
ou	握	11996	36
ou	渥	344	50
ou	吽	12	63
pa	怕	28167	33
pa	爬	5488	39
pa	帕	3640	41
pa	啪	1052	46
pa	趴	889	46
pa	琶	705	47
pa	杷	138	54
pa	葩	79	56
pa	舥	59	57
pa	潖	43	59
pa	筢	3	68
pa	把	121139	27
pa	派	46809	31
pa	吧	26934	33
pa	扒	1428	45
pa	叭	935	46
pa	芭	904	46
pa	耙	845	47
pa	钯	385	50
pai	派	46809	31
pai	排	31912	32
pai	牌	20092	34
pai	拍	12540	36
pai	徘	643	48
pai	湃	396	50
pai	俳	121	54
pai	哌	75	56
pai	蒎	29	60
pai	簰	17	62
pai	迫	12635	36
pai	脾	3390	41
pai	啡	2113	43
pai	椑	0	74
pan	判	22764	34
pan	盘	19618	34
pan	叛	4337	40
pan	盼	3243	41
pan	攀	2601	42
pan	潘	2302	43
pan	畔	1765	44
pan	蟠	767	47
pan	磐	513	49
pan	槃	225	52
pan	蹒	153	53
pan	爿	140	54
pan	袢	41	59
pan	襻	32	60
pan	泮	28	60
pan	磻	4	67
pan	半	52622	30
pan	片	45917	31
pan	般	42036	31
pan	繁	15505	35
pang	旁	17651	35
pang	胖	7848	38
pang	庞	3938	41
pang	乓	766	47
pang	彷	278	51
pang	螃	203	52
pang	滂	166	53
pang	耪	58	57
pang	厖	55	58
pang	逄	23	61
pang	鳑	15	63
pang	雱	2	69
pang	方	267887	24
pang	房	38295	31
pang	仿	6889	38
pang	榜	4559	40
pang	彭	4287	40
pang	逢	3686	41
pang	膀	2675	42
pang	傍	1668	44
pao	炮	18611	34
pao	跑	15642	35
pao	泡	5624	39
pao	抛	4011	40
pao	袍	3785	41
pao	刨	794	47
pao	咆	279	51
pao	庖	268	51
pao	疱	256	51
pao	狍	131	54
pao	匏	48	58
pao	脬	4	67
pao	包	50271	30
pao	抱	11729	36
pao	胞	11181	36
pao	苞	490	49
pao	趵	50	58
pao	摽	25	61
pao	藨	9	64
pao	脟	0	74
pei	配	29148	33
pei	培	16353	35
pei	陪	6467	39
pei	佩	5124	39
pei	赔	3504	41
pei	胚	1645	44
pei	沛	1377	45
pei	裴	948	46
pei	呸	556	48
pei	辔	301	51
pei	霈	262	51
pei	旆	84	56
pei	帔	65	57
pei	锫	12	63
pei	醅	5	66
pei	𬇙	0	74
pei	衃	0	74
pei	坏	14885	35
pei	倍	9629	37
pei	妃	5379	39
pen	盆	6886	38
pen	喷	4940	40
pen	湓	45	58
pen	吩	3273	41
pen	汾	597	48
peng	朋	11774	36
peng	碰	6104	39
peng	彭	4287	40
peng	捧	3922	41
peng	蓬	3363	41
peng	鹏	3292	41
peng	棚	3014	42
peng	膨	2709	42
peng	烹	1907	43
peng	篷	1374	45
peng	砰	1266	45
peng	澎	610	48
peng	怦	571	48
peng	抨	473	49
peng	硼	432	49
peng	嘭	174	53
peng	堋	99	55
peng	蟛	91	56
peng	弸	34	59
peng	椪	0	74
pi	批	37721	31
pi	皮	28113	33
pi	匹	5551	39
pi	披	5203	39
pi	辟	5155	39
pi	疲	3716	41
pi	脾	3390	41
pi	屁	3028	42
pi	劈	2172	43
pi	僻	1249	45
pi	啤	1065	46
pi	譬	1002	46
pi	丕	967	46
pi	毗	937	46
pi	琵	729	47
pi	嚭	629	48
pi	霹	441	49
pi	坯	390	50
pi	纰	300	51
pi	癖	287	51
pian	片	45917	31
pian	偏	11350	36
pian	篇	10638	37
pian	骗	4526	40
pian	谝	365	50
pian	骈	329	50
pian	翩	315	51
pian	胼	54	58
pian	犏	11	64
pian	蹁	11	64
pian	楩	3	68
pian	𡎚	0	74
pian	㛹	0	74
pian	平	161072	26
pian	便	84501	28
pian	辨	4949	40
pian	扁	3667	41
pian	蝙	334	50
pian	褊	43	59
pian	萹	3	68
piao	票	19209	34
piao	飘	4350	40
piao	漂	3738	41
piao	瓢	479	49
piao	嫖	370	50
piao	瞟	360	50
piao	缥	263	51
piao	剽	203	52
piao	嘌	161	53
piao	殍	37	59
piao	螵	13	63
piao	薸	2	69
piao	朴	3515	41
piao	骠	150	54
piao	膘	93	55
piao	摽	25	61
piao	莩	21	61
piao	蔈	0	74
pie	撇	1411	45
pie	瞥	1152	45
pie	苤	85	56
pie	氕	6	66
pie	𬭯	0	74
pie	蔽	1987	43
pin	品	103601	27
pin	频	11105	36
pin	贫	10215	37
pin	聘	8446	37
pin	拼	4544	40
pin	嫔	860	47
pin	姘	581	48
pin	颦	128	54
pin	牝	97	55
pin	玭	0	74
pin	𬞟	0	74
pin	泵	1288	45
pin	匕	1169	45
pin	娉	702	47
ping	平	161072	26
ping	评	21797	34
ping	凭	9523	37
ping	瓶	5347	39
ping	屏	4689	40
ping	苹	1733	44
ping	萍	1701	44
ping	坪	1676	44
ping	乒	877	47
ping	娉	702	47
ping	枰	175	53
ping	鲆	113	55
ping	俜	41	59
ping	洴	9	64
ping	帡	6	66
ping	淜	3	68
ping	泙	0	74
ping	玶	0	74
ping	荓	0	74
ping	涄	0	74
po	破	36196	32
po	迫	12635	36
po	婆	10800	36
po	坡	8640	37
po	泊	7512	38
po	颇	6440	39
po	泼	2532	42
po	魄	2002	43
po	珀	595	48
po	鄱	363	50
po	叵	264	51
po	粕	167	53
po	笸	80	56
po	钋	77	56
po	皤	13	63
po	钷	13	63
po	桲	5	66
po	䥽	0	74
po	酦	0	74
po	繁	15505	35
pou	剖	1910	43
pou	裒	17	62
pou	掊	15	63
pou	抔	9	64
pou	部	253178	24
pou	培	16353	35
pou	抱	11729	36
pou	涪	280	51
pou	瓿	69	57
pou	棓	26	60
pou	踣	8	65
pou	垺	4	67
pu	普	27501	33
pu	铺	12376	36
pu	扑	7395	38
pu	谱	5710	39
pu	葡	3856	41
pu	仆	3738	41
pu	朴	3515	41
pu	浦	3470	41
pu	蒲	2232	43
pu	菩	1968	43
pu	埔	1539	44
pu	瀑	1496	44
pu	濮	795	47
pu	噗	683	48
pu	曝	618	48
pu	圃	606	48
pu	脯	571	48
pu	溥	444	49
pu	璞	278	51
pu	莆	253	51
qi	其	200401	25
qi	起	194179	25
qi	期	113212	27
qi	气	108643	27
qi	器	57280	30
qi	企	44255	31
qi	七	33187	32
qi	奇	27020	33
qi	齐	19760	34
qi	旗	16077	35
qi	汽	15569	35
qi	骑	11671	36
qi	妻	10092	37
qi	启	9807	37
qi	弃	8902	37
qi	棋	6416	39
qi	岂	6200	39
qi	欺	4509	40
qi	漆	4129	40
qi	契	3861	41
qia	恰	5416	39
qia	洽	888	46
qia	掐	624	48
qia	髂	60	57
qia	拤	23	61
qia	葜	15	63
qia	客	42330	31
qia	卡	15581	35
qia	袷	195	53
qia	挈	137	54
qia	疴	43	59
qia	絜	30	60
qia	矻	5	66
qian	前	201632	25
qian	千	54674	30
qian	钱	34606	32
qian	潜	13996	35
qian	签	11334	36
qian	迁	9387	37
qian	浅	6295	39
qian	牵	6257	39
qian	乾	5696	39
qian	遣	5694	39
qian	谦	3784	41
qian	欠	3303	41
qian	铅	2945	42
qian	嵌	1846	44
qian	歉	1568	44
qian	谴	1400	45
qian	黔	1361	45
qian	褰	1077	46
qian	骞	1007	46
qian	搴	736	47
qiang	强	76057	29
qiang	枪	17488	35
qiang	墙	17136	35
qiang	抢	10677	37
qiang	腔	5282	39
qiang	羌	1218	45
qiang	呛	758	47
qiang	羟	686	48
qiang	跄	475	49
qiang	蔷	411	50
qiang	锵	249	52
qiang	戗	104	55
qiang	戕	102	55
qiang	襁	93	55
qiang	炝	87	56
qiang	樯	76	56
qiang	锖	55	58
qiang	嫱	33	60
qiang	蜣	25	61
qiang	镪	18	62
qiao	桥	36854	32
qiao	瞧	12683	36
qiao	巧	8961	37
qiao	乔	5049	40
qiao	侨	3988	40
qiao	悄	3959	41
qiao	敲	3791	41
qiao	鞘	1340	45
qiao	窍	1300	45
qiao	峭	1076	46
qiao	翘	1009	46
qiao	俏	946	46
qiao	撬	877	47
qiao	跷	590	48
qiao	憔	423	49
qiao	樵	408	50
qiao	硚	262	51
qiao	锹	247	52
qiao	荞	235	52
qiao	橇	235	52
qie	且	45130	31
qie	切	37647	32
qie	窃	1918	43
qie	怯	1679	44
qie	妾	1544	44
qie	惬	324	51
qie	挈	137	54
qie	锲	98	55
qie	箧	95	55
qie	郄	23	61
qie	癿	2	69
qie	捷	5465	39
qie	漆	4129	40
qie	契	3861	41
qie	砌	1953	43
qie	伽	1403	45
qie	茄	978	46
qie	沏	228	52
qie	喋	163	53
qie	婕	154	53
qin	亲	58229	30
qin	侵	15502	35
qin	秦	12329	36
qin	勤	7740	38
qin	琴	7398	38
qin	钦	3955	41
qin	擒	2539	42
qin	禽	2264	43
qin	寝	1545	44
qin	沁	909	46
qin	芹	361	50
qin	噙	215	52
qin	嗪	170	53
qin	衾	128	54
qin	揿	105	55
qin	芩	96	55
qin	锓	57	57
qin	吣	40	59
qin	骎	22	61
qin	檎	17	62
qing	情	122819	27
qing	清	88558	28
qing	青	42815	31
qing	请	41737	31
qing	轻	36807	32
qing	庆	18837	34
qing	倾	10244	37
qing	顷	6682	38
qing	卿	3156	41
qing	氢	3015	42
qing	晴	2240	43
qing	擎	775	47
qing	氰	325	50
qing	箐	265	51
qing	罄	224	52
qing	蜻	174	53
qing	磬	132	54
qing	黥	49	58
qing	鲭	42	59
qing	檠	19	62
qiong	穷	8433	37
qiong	琼	1788	44
qiong	穹	386	50
qiong	邛	144	54
qiong	蛩	126	54
qiong	芎	98	55
qiong	筇	48	58
qiong	銎	36	59
qiong	茕	26	60
qiong	䓖	0	74
qiong	鞠	428	49
qiong	嬛	18	62
qiu	求	62599	29
qiu	球	43182	31
qiu	秋	15524	35
qiu	丘	7942	38
qiu	裘	1811	44
qiu	囚	1639	44
qiu	邱	1003	46
qiu	酋	849	47
qiu	蚯	452	49
qiu	鳅	436	49
qiu	俅	303	51
qiu	虬	288	51
qiu	楸	136	54
qiu	遒	115	55
qiu	逑	68	57
qiu	泅	66	57
qiu	巯	47	58
qiu	糗	14	63
qiu	犰	12	63
qiu	璆	10	64
qu	区	213855	25
qu	去	209788	25
qu	取	75284	29
qu	曲	22767	34
qu	趣	8706	37
qu	趋	7942	38
qu	屈	7224	38
qu	驱	6313	39
qu	渠	4367	40
qu	娶	2914	42
qu	躯	2150	43
qu	衢	1502	44
qu	觑	894	46
qu	瞿	706	47
qu	祛	416	50
qu	龋	377	50
qu	岖	290	51
qu	蛆	219	52
qu	蛐	106	55
qu	劬	101	55
quan	全	241160	24
quan	权	92101	28
quan	泉	10435	37
quan	圈	9518	37
quan	券	8164	38
quan	拳	7875	38
quan	劝	6691	38
quan	犬	1830	44
quan	醛	891	46
quan	佺	562	48
quan	痊	389	50
quan	荃	389	50
quan	诠	374	50
quan	蜷	279	51
quan	绻	247	52
quan	颧	162	53
quan	铨	159	53
quan	棬	105	55
quan	悛	48	58
quan	鬈	36	59
que	却	73217	29
que	确	43940	31
que	缺	16484	35
que	雀	2554	42
que	阙	2473	42
que	鹊	691	47
que	榷	392	50
que	瘸	243	52
que	埆	158	53
que	阕	108	55
que	碏	8	65
que	悫	7	65
que	𬒈	0	74
que	屈	7224	38
que	猎	4526	40
que	芍	301	51
que	炔	276	51
que	傕	148	54
que	觳	86	56
que	攉	21	61
qun	群	50248	30
qun	裙	2037	43
qun	囷	149	54
qun	逡	55	58
qun	蹲	1832	44
qun	遁	608	48
qun	麇	37	59
ran	然	197764	25
ran	染	13649	36
ran	燃	6554	38
ran	冉	560	48
ran	髯	487	49
ran	苒	57	57
ran	蚺	22	61
ran	䎃	0	74
rang	让	59193	30
rang	壤	5104	39
rang	嚷	1865	44
rang	攘	749	47
rang	儴	469	49
rang	瓤	122	54
rang	禳	72	56
rang	穰	61	57
rang	瀼	14	63
rang	蘘	12	63
rao	绕	8705	37
rao	扰	5564	39
rao	饶	3073	42
rao	娆	452	49
rao	桡	135	54
rao	荛	13	63
re	热	48873	30
re	惹	2584	42
re	若	37181	32
re	喏	368	50
re	偌	337	50
ren	人	1018393	18
ren	任	117514	27
ren	认	64786	29
ren	忍	10446	37
ren	仁	9075	37
ren	刃	3981	40
ren	韧	1091	46
ren	妊	637	48
ren	仞	618	48
ren	壬	568	48
ren	饪	518	49
ren	纫	261	51
ren	稔	113	55
ren	衽	85	56
ren	荏	75	56
ren	轫	66	57
ren	葚	13	63
ren	纴	0	74
ren	讱	0	74
ren	儿	94354	28
reng	仍	28906	33
reng	扔	2811	42
reng	耳	16440	35
reng	戎	1036	46
reng	艿	240	52
reng	穰	61	57
ri	日	218263	24
ri	驲	2	69
rong	容	49647	30
rong	荣	16734	35
rong	融	13269	36
rong	溶	6538	39
rong	蓉	3647	41
rong	熔	2432	42
rong	绒	1453	45
rong	戎	1036	46
rong	茸	854	47
rong	榕	445	49
rong	冗	306	51
rong	镕	181	53
rong	嵘	138	54
rong	蝾	53	58
rong	狨	13	63
rong	瑢	0	74
rong	隔	9455	37
rou	肉	21796	34
rou	柔	6208	39
rou	揉	1218	45
rou	蹂	429	49
rou	鞣	203	52
rou	糅	81	56
rou	𫐓	0	74
ru	如	189699	25
ru	入	122761	27
ru	乳	6478	39
ru	辱	4470	40
ru	汝	4285	40
ru	儒	3936	41
ru	濡	713	47
ru	蠕	574	48
ru	孺	511	49
ru	褥	504	49
ru	嬬	352	50
ru	茹	283	51
ru	嚅	218	52
ru	缛	116	55
ru	铷	66	57
ru	洳	51	58
ru	薷	37	59
ru	襦	31	60
ru	溽	18	62
ru	颥	16	62
ruan	软	17678	35
ruan	阮	1911	43
ruan	堧	0	74
ruan	媆	0	74
ruan	瓀	0	74
ruan	需	46152	31
ruan	濡	713	47
rui	瑞	9038	37
rui	锐	3720	41
rui	睿	1235	45
rui	蕊	790	47
rui	芮	117	55
rui	蚋	65	57
rui	枘	36	59
rui	蕤	32	60
rui	汭	10	64
rui	内	158227	26
rui	兑	3562	41
rui	踒	47	58
rui	棁	35	59
run	润	13119	36
run	闰	290	51
ruo	若	37181	32
ruo	弱	12409	36
ruo	偌	337	50
ruo	鄀	149	54
ruo	箬	35	59
ruo	爇	5	66
ruo	蒻	3	68
ruo	惹	2584	42
ruo	溺	600	48
ruo	芮	117	55
ruo	婼	27	60
sa	萨	10921	36
sa	撒	5558	39
sa	洒	2369	43
sa	潵	1038	46
sa	卅	316	51
sa	飒	200	52
sa	仨	94	55
sa	挲	87	56
sa	靸	5	66
sa	脎	4	67
sa	蔡	3540	41
sa	趿	73	56
sa	檫	21	61
sa	霅	5	66
sai	赛	34506	32
sai	塞	12839	36
sai	腮	879	47
sai	鳃	539	48
sai	噻	101	55
sai	思	58529	30
san	三	170347	25
san	散	21335	34
san	伞	2598	42
san	糁	63	57
san	馓	60	57
san	叁	33	60
san	毵	23	61
san	潵	1038	46
san	霰	127	54
sang	丧	6336	39
sang	桑	4990	40
sang	嗓	1653	44
sang	搡	139	54
sang	颡	17	62
sang	磉	3	68
sao	扫	6835	38
sao	嫂	3075	42
sao	骚	2036	43
sao	搔	549	48
sao	臊	294	51
sao	缫	221	52
sao	埽	149	54
sao	瘙	140	54
sao	溞	17	62
sao	哨	3634	41
sao	燥	2345	43
sao	梢	1780	44
sao	缲	2	69
se	色	83380	28
se	瑟	1568	44
se	涩	1085	46
se	啬	222	52
se	洓	171	53
se	穑	128	54
se	铯	103	55
se	璱	0	74
se	塞	12839	36
se	寨	8208	38
se	泣	1709	44
se	槭	140	54
se	㴔	0	74
se	溹	0	74
sen	森	13233	36
sen	洒	2369	43
seng	僧	9257	37
sha	杀	36494	32
sha	沙	30274	32
sha	砂	4030	40
sha	啥	4025	40
sha	傻	3953	41
sha	纱	3372	41
sha	厦	2837	42
sha	刹	2097	43
sha	莎	1639	44
sha	煞	1294	45
sha	霎	1068	46
sha	鲨	966	46
sha	裟	352	50
sha	铩	179	53
sha	痧	134	54
sha	歃	45	58
sha	唼	7	65
sha	接	82241	28
sha	哈	17439	35
sha	杉	2869	42
shai	晒	2595	42
shai	筛	1071	46
shai	酾	9	64
shai	色	83380	28
shan	山	166141	26
shan	善	28407	33
shan	闪	9557	37
shan	陕	6584	38
shan	扇	6072	39
shan	珊	3764	41
shan	衫	3154	41
shan	擅	3131	41
shan	杉	2869	42
shan	膳	1568	44
shan	缮	1526	44
shan	删	925	46
shan	煽	730	47
shan	汕	509	49
shan	鳝	453	49
shan	讪	412	50
shan	赡	350	50
shan	姗	337	50
shan	蟮	322	51
shan	苫	279	51
shang	上	539293	21
shang	商	65466	29
shang	伤	31276	32
shang	尚	26185	33
shang	赏	9133	37
shang	晌	2323	43
shang	裳	857	47
shang	绱	275	51
shang	熵	216	52
shang	墒	207	52
shang	觞	92	56
shang	殇	65	57
shang	垧	7	65
shang	汤	9410	37
shang	埫	0	74
shao	少	91560	28
shao	烧	15695	35
shao	绍	11599	36
shao	稍	6745	38
shao	哨	3634	41
shao	梢	1780	44
shao	邵	1598	44
shao	苕	1156	45
shao	勺	842	47
shao	捎	827	47
shao	韶	472	49
shao	芍	301	51
shao	艄	220	52
shao	劭	47	58
shao	蛸	36	59
shao	筲	24	61
shao	潲	16	62
shao	睄	4	67
shao	玿	0	74
shao	柖	0	74
she	设	103052	27
she	社	100737	28
she	射	31908	32
she	涉	10149	37
she	舍	8577	37
she	摄	7773	38
she	蛇	5566	39
she	舌	4695	40
she	赦	1973	43
she	奢	1734	44
she	慑	878	47
she	麝	562	48
she	畲	535	49
she	赊	177	53
she	厍	159	53
she	歙	142	54
she	畬	120	54
she	佘	88	56
she	猞	51	58
she	滠	7	65
shei	谁	27559	33
shen	身	123500	27
shen	什	79232	29
shen	神	73631	29
shen	深	54331	30
shen	甚	42174	31
shen	审	30080	32
shen	伸	15493	35
shen	申	10230	37
shen	沈	6341	39
shen	肾	3643	41
shen	慎	3617	41
shen	屾	3031	42
shen	渗	2855	42
shen	婶	2242	43
shen	绅	1317	45
shen	呻	818	47
shen	娠	586	48
shen	砷	332	50
shen	椹	311	51
shen	哂	223	52
sheng	生	368225	22
sheng	省	116918	27
sheng	声	103458	27
sheng	胜	36555	32
sheng	升	29810	32
sheng	盛	17213	35
sheng	圣	16171	35
sheng	剩	10324	37
sheng	牲	4331	40
sheng	绳	4266	40
sheng	笙	858	47
sheng	甥	444	49
sheng	昇	221	52
sheng	嵊	144	54
sheng	眚	8	65
sheng	陞	5	66
sheng	姓	19085	34
sheng	乘	11841	36
sheng	丞	2521	42
sheng	甸	2284	43
shi	是	1034353	18
shi	时	373595	22
shi	市	247832	24
shi	事	213584	25
shi	实	172371	25
shi	十	146041	26
shi	使	128172	27
shi	石	118275	27
shi	世	112812	27
shi	师	84475	28
shi	式	81539	28
shi	史	66813	29
shi	始	60450	30
shi	士	59606	30
shi	示	49352	30
shi	势	49311	30
shi	施	42680	31
shi	失	42207	31
shi	视	40740	31
shi	食	40551	31
shou	手	155126	26
shou	首	95872	28
shou	受	79713	29
shou	收	62779	29
shou	守	24924	33
shou	授	19534	34
shou	售	14445	35
shou	寿	6754	38
shou	兽	5423	39
shou	瘦	4010	40
shou	狩	841	47
shou	绶	405	50
shou	艏	45	58
shou	熟	16937	35
shu	数	124028	27
shu	书	89619	28
shu	术	86760	28
shu	属	56009	30
shu	树	28619	33
shu	输	21238	34
shu	述	21087	34
shu	熟	16937	35
shu	束	15020	35
shu	署	10340	37
shu	殊	10091	37
shu	叔	7098	38
shu	疏	5900	39
shu	舒	4695	40
shu	枢	4691	40
shu	鼠	3927	41
shu	蜀	3569	41
shu	蔬	2671	42
shu	竖	2605	42
shu	淑	1780	44
shua	刷	5401	39
shua	耍	2072	43
shua	唰	179	53
shua	唆	669	48
shua	涮	196	53
shuai	衰	6022	39
shuai	帅	5971	39
shuai	摔	3638	41
shuai	甩	1695	44
shuai	蟀	297	51
shuai	率	43494	31
shuan	拴	750	47
shuan	栓	732	47
shuan	闩	366	50
shuan	涮	196	53
shuan	腨	0	74
shuan	汕	509	49
shuan	踹	311	51
shuang	双	43965	31
shuang	霜	2947	42
shuang	爽	2835	42
shuang	孀	167	53
shuang	骦	7	65
shuang	礵	0	74
shuang	鹴	0	74
shuang	淙	432	49
shuang	泷	33	60
shuang	漴	4	67
shui	水	164841	26
shui	谁	27559	33
shui	睡	13841	36
shui	税	12534	36
shui	帨	2	69
shui	说	343251	23
shun	顺	22439	34
shun	瞬	2925	42
shun	舜	966	46
shun	吮	345	50
shun	盾	7380	38
shun	巡	7226	38
shun	俊	6311	39
shun	恂	47	58
shun	楯	31	60
shuo	说	343251	23
shuo	硕	3134	41
shuo	朔	988	46
shuo	烁	961	46
shuo	蒴	249	52
shuo	搠	234	52
shuo	铄	123	54
shuo	槊	94	55
shuo	妁	30	60
shuo	数	124028	27
shuo	嗽	1539	44
shuo	溯	1363	45
shuo	勺	842	47
shuo	杓	158	53
shuo	濯	105	55
shuo	嗍	81	56
shuo	汋	3	68
si	四	96167	28
si	司	93697	28
si	斯	72448	29
si	死	64028	29
si	思	58529	30
si	私	15327	35
si	丝	14739	35
si	寺	12843	36
si	祀	3514	41
si	肆	2810	42
si	饲	2741	42
si	嗣	2731	42
si	厮	2539	42
si	撕	2215	43
si	嘶	1044	46
si	涘	695	47
si	驷	665	48
si	泗	471	49
si	巳	438	49
si	咝	152	54
song	送	29732	32
song	宋	22591	34
song	松	21035	34
song	讼	2452	42
song	颂	2142	43
song	诵	1820	44
song	耸	1643	44
song	嵩	1083	46
song	淞	651	48
song	怂	385	50
song	悚	339	50
song	竦	228	52
song	崧	150	54
song	凇	141	54
song	忪	55	58
song	菘	26	60
song	娀	4	67
song	㧐	0	74
sou	搜	13011	36
sou	艘	5455	39
sou	嗽	1539	44
sou	擞	317	51
sou	嗖	314	51
sou	飕	234	52
sou	叟	169	53
sou	馊	141	54
sou	薮	108	55
sou	溲	46	58
sou	嗾	28	60
sou	蒐	28	60
sou	锼	24	61
sou	廋	11	64
sou	螋	7	65
sou	瞍	3	68
sou	族	83235	28
sou	敕	1040	46
sou	涑	174	53
su	速	46451	31
su	素	40212	31
su	苏	33304	32
su	诉	20065	34
su	俗	10977	36
su	肃	6939	38
su	宿	6133	39
su	塑	5239	39
su	粟	1478	44
su	溯	1363	45
su	酥	1208	45
su	稣	540	48
su	簌	288	51
su	夙	220	52
su	涑	174	53
su	谡	146	54
su	僳	131	54
su	愫	83	56
su	窣	81	56
su	嗉	48	58
suan	算	49922	30
suan	酸	16872	35
suan	蒜	885	46
suan	狻	241	52
suan	撰	2951	42
sui	随	49862	30
sui	虽	39840	31
sui	岁	25059	33
sui	碎	7120	38
sui	遂	5342	39
sui	隋	3122	41
sui	髓	1720	44
sui	隧	1399	45
sui	穗	802	47
sui	绥	774	47
sui	祟	443	49
sui	邃	261	51
sui	睢	241	52
sui	燧	234	52
sui	濉	179	53
sui	谇	60	57
sui	荽	45	58
sui	眭	12	63
sui	葰	0	74
sui	璲	0	74
sun	孙	24152	33
sun	损	12569	36
sun	笋	593	48
sun	荪	350	50
sun	隼	250	52
sun	狲	238	52
sun	飧	224	52
sun	榫	164	53
sun	餐	7021	38
sun	跣	72	56
sun	栒	2	69
suo	所	190136	25
suo	索	18046	34
suo	缩	11130	36
suo	锁	5967	39
suo	梭	1415	45
suo	琐	1330	45
suo	娑	905	46
suo	嗦	740	47
suo	唆	669	48
suo	羧	273	51
suo	唢	178	53
suo	蓑	129	54
suo	嗍	81	56
suo	睃	74	56
suo	桫	29	60
suo	溹	0	74
suo	些	144181	26
suo	沙	30274	32
suo	衰	6022	39
suo	霍	4656	40
ta	他	527836	21
ta	她	140345	26
ta	它	80765	28
ta	塔	13287	36
ta	踏	5514	39
ta	塌	2008	43
ta	榻	1024	46
ta	蹋	349	50
ta	獭	264	51
ta	鳎	258	51
ta	挞	140	54
ta	遢	75	56
ta	趿	73	56
ta	闼	71	57
ta	铊	59	57
ta	褟	51	58
ta	鞳	6	66
ta	溻	0	74
ta	鿎	0	74
ta	溚	0	74
tai	太	87199	28
tai	台	64737	29
tai	态	36349	32
tai	泰	10417	37
tai	抬	9502	37
tai	胎	4529	40
tai	汰	1350	45
tai	苔	1187	45
tai	钛	1001	46
tai	肽	613	48
tai	邰	288	51
tai	薹	105	55
tai	跆	76	56
tai	酞	50	58
tai	鲐	38	59
tai	炱	37	59
tai	大	764003	19
tai	能	250405	24
tai	呔	33	60
tai	釐	28	60
tan	谈	26213	33
tan	探	17680	35
tan	坦	14882	35
tan	坛	12725	36
tan	叹	9350	37
tan	滩	4454	40
tan	碳	4290	40
tan	贪	4148	40
tan	炭	3792	41
tan	摊	3450	41
tan	潭	3022	42
tan	谭	2773	42
tan	毯	1582	44
tan	痰	1214	45
tan	檀	1161	45
tan	瘫	989	46
tan	昙	448	49
tan	袒	401	50
tan	坍	372	50
tan	忐	236	52
tang	堂	23971	33
tang	唐	18612	34
tang	糖	9962	37
tang	汤	9410	37
tang	倘	6869	38
tang	躺	3811	41
tang	塘	3604	41
tang	趟	1875	43
tang	烫	1577	44
tang	膛	1569	44
tang	棠	990	46
tang	淌	681	48
tang	搪	300	51
tang	镗	219	52
tang	蹚	197	52
tang	羰	159	53
tang	螳	133	54
tang	傥	99	55
tang	帑	92	56
tang	瑭	90	56
tao	讨	15674	35
tao	套	15108	35
tao	桃	14477	35
tao	逃	13657	36
tao	陶	7884	38
tao	萄	3513	41
tao	涛	2439	42
tao	掏	2421	42
tao	淘	2040	43
tao	韬	922	46
tao	滔	651	48
tao	绦	283	51
tao	饕	253	51
tao	洮	226	52
tao	啕	184	53
tao	鼗	58	57
tao	弢	48	58
tao	绹	8	65
tao	梼	3	68
tao	慆	2	69
te	特	113264	27
te	忒	656	48
te	忑	222	52
te	慝	18	62
te	铽	5	66
te	螣	0	74
te	式	81539	28
te	匿	767	47
tei	忒	656	48
teng	腾	7099	38
teng	疼	5126	39
teng	藤	2087	43
teng	滕	631	48
teng	誊	274	51
teng	縢	5	66
teng	熥	4	67
teng	䲢	0	74
teng	螣	0	74
ti	体	185047	25
ti	提	103615	27
ti	题	83669	28
ti	替	12545	36
ti	梯	4664	40
ti	踢	3529	41
ti	蹄	2313	43
ti	惕	1229	45
ti	啼	933	46
ti	剃	909	46
ti	涕	821	47
ti	剔	724	47
ti	屉	625	48
ti	锑	328	50
ti	缇	251	52
ti	嚏	246	52
ti	倜	157	53
ti	悌	68	57
ti	绨	54	58
ti	擿	51	58
tian	天	272072	24
tian	田	27172	33
tian	添	6254	39
tian	填	5671	39
tian	甜	5564	39
tian	舔	372	50
tian	恬	310	51
tian	腆	255	51
tian	阗	115	55
tian	忝	95	55
tian	殄	46	58
tian	湉	40	59
tian	畋	27	60
tian	掭	7	65
tian	晪	2	69
tian	沺	0	74
tian	盷	0	74
tian	淟	0	74
tian	黇	0	74
tian	典	22838	34
tiao	条	81986	28
tiao	跳	15177	35
tiao	挑	9477	37
tiao	眺	585	48
tiao	迢	267	51
tiao	祧	148	54
tiao	笤	131	54
tiao	窕	112	55
tiao	龆	93	55
tiao	粜	81	56
tiao	佻	55	58
tiao	髫	20	61
tiao	朓	15	63
tiao	蜩	13	63
tiao	鲦	9	64
tiao	嬥	0	74
tiao	调	61857	30
tiao	超	30099	32
tiao	桃	14477	35
tiao	姚	3272	41
tie	铁	47514	31
tie	贴	10834	36
tie	帖	2902	42
tie	萜	133	54
tie	餮	103	55
tie	占	40014	31
tie	蝶	1453	45
tie	怙	57	57
ting	听	77938	29
ting	停	21252	34
ting	庭	19355	34
ting	廷	15792	35
ting	厅	13940	35
ting	艇	7825	38
ting	亭	7230	38
ting	挺	6421	39
ting	烃	668	48
ting	汀	606	48
ting	婷	478	49
ting	霆	477	49
ting	町	197	52
ting	蜓	190	53
ting	梃	52	58
ting	烶	25	61
ting	渟	24	61
ting	莛	16	62
ting	葶	12	63
ting	圢	11	64
tong	同	206521	25
tong	通	142502	26
tong	统	97050	28
tong	痛	19255	34
tong	童	13750	36
tong	铜	11564	36
tong	筒	3530	41
tong	桐	2529	42
tong	桶	2071	43
tong	酮	893	46
tong	潼	788	47
tong	捅	666	48
tong	佟	603	48
tong	瞳	442	49
tong	彤	438	49
tong	僮	283	51
tong	恸	279	51
tong	嗵	157	53
tong	鲖	56	57
tong	仝	42	59
tou	头	152850	26
tou	投	49332	30
tou	透	13616	36
tou	偷	6457	39
tou	骰	507	49
tou	钭	14	63
tou	愉	1838	44
tou	逗	1162	45
tou	褕	0	74
tu	土	63076	29
tu	图	55036	30
tu	突	37201	32
tu	途	12082	36
tu	徒	10460	37
tu	吐	7093	38
tu	涂	6235	39
tu	屠	2575	42
tu	凸	2012	43
tu	兔	1914	43
tu	秃	1371	45
tu	荼	341	50
tu	钍	139	54
tu	菟	86	56
tu	葖	29	60
tu	梌	21	61
tu	堍	8	65
tu	腯	3	68
tu	稌	2	69
tu	酴	2	69
tuan	团	62443	29
tuan	湍	612	48
tuan	疃	108	55
tuan	抟	67	57
tuan	彖	21	61
tuan	猯	0	74
tuan	煓	0	74
tuan	税	12534	36
tuan	敦	5129	39
tuan	揣	998	46
tuan	痪	570	48
tui	推	45272	31
tui	退	23842	33
tui	腿	8956	37
tui	褪	755	47
tui	颓	664	48
tui	蜕	433	49
tui	煺	31	60
tui	𬯎	0	74
tui	魋	0	74
tui	弟	31192	32
tui	追	18749	34
tui	脱	15509	35
tui	税	12534	36
tui	忒	656	48
tui	焞	9	64
tun	吞	4060	40
tun	屯	2904	42
tun	豚	1475	44
tun	臀	829	47
tun	饨	203	52
tun	鲀	55	58
tun	暾	34	59
tun	焞	9	64
tun	忳	3	68
tun	坉	0	74
tun	吴	23552	33
tun	逐	19365	34
tun	吨	13733	36
tun	敦	5129	39
tun	炖	866	47
tun	褪	755	47
tun	沌	302	51
tun	囤	257	51
tun	肫	41	59
tun	窀	19	62
tuo	托	16717	35
tuo	脱	15509	35
tuo	拖	6280	39
tuo	拓	4033	40
tuo	妥	3519	41
tuo	陀	3491	41
tuo	驼	2226	43
tuo	椭	1067	46
tuo	唾	979	46
tuo	驮	625	48
tuo	庹	543	48
tuo	沱	400	50
tuo	鸵	225	52
tuo	坨	167	53
tuo	橐	162	53
tuo	佗	133	54
tuo	鼍	109	55
tuo	跎	107	55
tuo	砣	84	56
tuo	侂	29	60
wa	瓦	16310	35
wa	挖	5305	39
wa	娃	4529	40
wa	哇	1796	44
wa	蛙	1221	45
wa	洼	1206	45
wa	袜	794	47
wa	娲	568	48
wa	佤	141	54
wa	畖	53	58
wa	腽	6	66
wa	窊	0	74
wa	鞋	4947	40
wa	凹	1408	45
wa	靺	51	58
wa	姽	29	60
wa	坬	0	74
wai	外	181583	25
wai	歪	2151	43
wai	崴	107	55
wai	夭	448	49
wan	万	116631	27
wan	完	68818	29
wan	晚	26356	33
wan	湾	19519	34
wan	玩	10620	37
wan	碗	6855	38
wan	弯	5585	39
wan	顽	3479	41
wan	宛	3029	42
wan	挽	2923	42
wan	腕	2350	43
wan	丸	2176	43
wan	皖	2121	43
wan	婉	1926	43
wan	烷	1140	45
wan	蜿	858	47
wan	豌	837	47
wan	绾	638	48
wan	纨	589	48
wan	惋	297	51
wang	王	102376	28
wang	网	48367	31
wang	望	47489	31
wang	往	46942	31
wang	亡	15583	35
wang	忘	10929	36
wang	汪	4321	40
wang	旺	3116	41
wang	妄	2652	42
wang	枉	1722	44
wang	惘	366	50
wang	罔	255	51
wang	魍	71	57
wang	辋	25	61
wang	尪	23	61
wang	方	267887	24
wang	皇	63399	29
wang	芒	3233	41
wang	匡	784	47
wang	尢	20	61
wei	为	581558	21
wei	位	137199	26
wei	委	116551	27
wei	未	44466	31
wei	维	38491	31
wei	围	36512	32
wei	卫	32061	32
wei	味	27904	33
wei	微	27774	33
wei	威	24752	33
wei	危	17034	35
wei	韦	13775	36
wei	谓	11768	36
wei	尾	10466	37
wei	唯	9262	37
wei	伟	8748	37
wei	魏	8638	37
wei	违	7275	38
wei	慰	4433	40
wei	纬	4373	40
wen	文	174886	25
wen	问	120610	27
wen	闻	30055	32
wen	温	28644	33
wen	稳	16760	35
wen	纹	5556	39
wen	吻	3860	41
wen	蚊	928	46
wen	紊	912	46
wen	璺	729	47
wen	汶	544	48
wen	瘟	516	49
wen	雯	461	49
wen	刎	274	51
wen	炆	165	53
wen	阌	70	57
wen	芠	23	61
wen	鳁	15	63
wen	玟	9	64
wen	榅	3	68
weng	翁	3692	41
weng	滃	924	46
weng	瓮	774	47
weng	嗡	665	48
weng	蕹	24	61
weng	蓊	18	62
weng	鹟	10	64
weng	𬭩	0	74
weng	壅	151	54
wo	我	462343	21
wo	握	11996	36
wo	窝	4773	40
wo	卧	3785	41
wo	沃	3143	41
wo	涡	1529	44
wo	斡	1145	45
wo	倭	936	46
wo	挝	397	50
wo	渥	344	50
wo	蜗	333	50
wo	龌	166	53
wo	幄	154	53
wo	硪	124	54
wo	肟	97	55
wo	莴	54	58
wo	踒	47	58
wo	偓	35	59
wo	涴	0	74
wo	瘟	516	49
wu	无	149549	26
wu	物	138848	26
wu	武	128478	27
wu	务	116434	27
wu	五	83191	28
wu	吴	23552	33
wu	午	16583	35
wu	屋	16430	35
wu	舞	15624	35
wu	误	15590	35
wu	乌	12395	36
wu	伍	10347	37
wu	污	7062	38
wu	吾	5437	39
wu	雾	4873	40
wu	悟	4454	40
wu	屼	2800	42
wu	兀	2297	43
wu	呜	1740	44
wu	勿	1569	44
xi	西	157423	26
xi	系	110839	27
xi	息	47295	31
xi	席	36437	32
xi	习	34164	32
xi	细	33420	32
xi	喜	31966	32
xi	希	23541	33
xi	吸	18952	34
xi	戏	16126	35
xi	析	15689	35
xi	洗	9579	37
xi	袭	8272	38
xi	稀	7535	38
xi	悉	7129	38
xi	惜	6838	38
xi	锡	5561	39
xi	熙	5538	39
xi	溪	5404	39
xi	浠	5379	39
xia	下	316450	23
xia	夏	27389	33
xia	辖	24900	33
xia	峡	10517	37
xia	吓	6132	39
xia	瞎	4953	40
xia	侠	4695	40
xia	狭	3506	41
xia	霞	2801	42
xia	虾	2450	42
xia	暇	1877	43
xia	匣	1219	45
xia	瑕	1196	45
xia	遐	512	49
xia	黠	175	53
xia	罅	153	53
xia	狎	128	54
xia	硖	50	58
xia	柙	43	59
xia	翈	4	67
xian	现	188256	25
xian	先	103859	27
xian	县	81515	28
xian	线	63835	29
xian	显	41217	31
xian	限	29525	32
xian	鲜	22261	34
xian	险	21825	34
xian	献	20819	34
xian	仙	15644	35
xian	宪	14603	35
xian	陷	8914	37
xian	闲	8303	38
xian	贤	6655	38
xian	咸	6231	39
xian	纤	6217	39
xian	弦	6019	39
xian	腺	4312	40
xian	衔	3762	41
xian	嫌	3130	41
xiang	相	144815	26
xiang	想	140207	26
xiang	向	126682	27
xiang	像	50917	30
xiang	象	49958	30
xiang	项	43478	31
xiang	响	43101	31
xiang	乡	37488	32
xiang	香	28753	33
xiang	襄	20699	34
xiang	享	11634	36
xiang	祥	9126	37
xiang	湘	8833	37
xiang	详	6195	39
xiang	箱	5852	39
xiang	巷	3744	41
xiang	厢	2237	43
xiang	翔	2009	43
xiang	橡	1987	43
xiang	镶	1248	45
xiao	小	203883	25
xiao	笑	60955	30
xiao	校	57242	30
xiao	消	42612	31
xiao	效	34367	32
xiao	销	23917	33
xiao	孝	10858	36
xiao	晓	7866	38
xiao	萧	3114	41
xiao	肖	3109	41
xiao	啸	2047	43
xiao	硝	1982	43
xiao	潇	1366	45
xiao	宵	1306	45
xiao	逍	1121	46
xiao	嚣	1104	46
xiao	霄	855	47
xiao	枭	764	47
xiao	箫	741	47
xiao	哮	710	47
xie	些	144181	26
xie	协	33613	32
xie	写	33422	32
xie	谢	15090	35
xie	械	11487	36
xie	斜	6330	39
xie	胁	5198	39
xie	鞋	4947	40
xie	歇	4798	40
xie	携	4479	40
xie	邪	4309	40
xie	泄	3931	41
xie	谐	2839	42
xie	卸	2614	42
xie	蟹	1798	44
xie	屑	1647	44
xie	泻	1443	45
xie	挟	1236	45
xie	懈	1208	45
xie	蝎	597	48
xin	心	209107	25
xin	新	172792	25
xin	信	79838	28
xin	辛	8864	37
xin	薪	5686	39
xin	欣	4176	40
xin	芯	2385	43
xin	锌	1935	43
xin	馨	977	46
xin	衅	670	48
xin	昕	473	49
xin	歆	379	50
xin	鑫	328	50
xin	忻	198	52
xin	囟	86	56
xin	伈	6	66
xin	炘	0	74
xin	䜣	0	74
xin	𫷷	0	74
xin	款	16230	35
xing	行	318272	23
xing	性	138608	26
xing	形	95379	28
xing	型	57647	30
xing	兴	40079	31
xing	星	38718	31
xing	姓	19085	34
xing	刑	12100	36
xing	幸	11916	36
xing	醒	10797	36
xing	杏	1933	43
xing	腥	1810	44
xing	邢	1606	44
xing	惺	645	48
xing	猩	350	50
xing	铏	193	53
xing	荥	190	53
xing	悻	181	53
xing	硎	148	54
xing	陉	112	55
xiong	兄	22017	34
xiong	雄	20593	34
xiong	胸	10800	36
xiong	熊	6166	39
xiong	凶	5754	39
xiong	匈	2836	42
xiong	汹	843	47
xiong	夐	255	51
xiong	讻	0	74
xiong	诇	0	74
xiong	能	250405	24
xiong	宪	14603	35
xiong	芎	98	55
xiong	昫	22	61
xiu	修	34912	32
xiu	秀	15357	35
xiu	休	13675	36
xiu	袖	6307	39
xiu	绣	6150	39
xiu	羞	2919	42
xiu	朽	1406	45
xiu	嗅	874	47
xiu	锈	713	47
xiu	溴	484	49
xiu	馐	342	50
xiu	岫	208	52
xiu	珛	123	54
xiu	庥	73	56
xiu	鸺	55	58
xiu	咻	51	58
xiu	琇	51	58
xiu	髹	36	59
xiu	脩	21	61
xiu	貅	12	63
xu	许	52676	30
xu	需	46152	31
xu	须	35861	32
xu	续	35361	32
xu	序	17355	35
xu	虚	14205	35
xu	徐	13470	36
xu	绪	8579	37
xu	叙	4611	40
xu	蓄	3673	41
xu	旭	2628	42
xu	吁	2002	43
xu	絮	1134	46
xu	墟	1096	46
xu	婿	1062	46
xu	胥	970	46
xu	嘘	657	48
xu	恤	597	48
xu	戌	415	50
xu	煦	366	50
xuan	选	73682	29
xuan	宣	27355	33
xuan	旋	9226	37
xuan	悬	7901	38
xuan	玄	5716	39
xuan	轩	3318	41
xuan	璇	2539	42
xuan	喧	1612	44
xuan	眩	719	47
xuan	漩	717	47
xuan	炫	640	48
xuan	绚	502	49
xuan	渲	462	49
xuan	萱	439	49
xuan	煊	352	50
xuan	玹	301	51
xuan	暄	266	51
xuan	癣	174	53
xuan	谖	109	55
xuan	铉	86	56
xue	学	346443	23
xue	血	34689	32
xue	雪	16184	35
xue	穴	7792	38
xue	削	5615	39
xue	薛	2187	43
xue	靴	841	47
xue	踅	536	49
xue	谑	376	50
xue	鳕	159	53
xue	茓	41	59
xue	峃	0	74
xue	哮	710	47
xue	炔	276	51
xue	噱	64	57
xue	嚯	37	59
xue	敩	13	63
xun	训	21132	34
xun	寻	15309	35
xun	迅	12229	36
xun	讯	10606	37
xun	询	9024	37
xun	巡	7226	38
xun	循	6045	39
xun	逊	3151	41
xun	勋	2742	42
xun	旬	2376	43
xun	鲟	1384	45
xun	驯	1280	45
xun	汛	1207	45
xun	熏	1117	46
xun	殉	1072	46
xun	荀	379	50
xun	埙	326	50
xun	薰	299	51
xun	徇	212	52
xun	巽	201	52
ya	亚	55481	30
ya	压	29624	32
ya	牙	17409	35
ya	雅	10568	37
ya	呀	10261	37
ya	衙	4685	40
ya	押	3736	41
ya	鸭	3425	41
ya	丫	3173	41
ya	崖	3016	42
ya	哑	2400	43
ya	鸦	2293	43
ya	涯	2233	43
ya	芽	2018	43
ya	讶	1337	45
ya	轧	888	46
ya	蚜	237	52
ya	娅	204	52
ya	桠	155	53
ya	垭	147	54
yan	眼	71606	29
yan	言	63438	29
yan	研	62412	29
yan	严	36736	32
yan	演	34188	32
yan	验	32649	32
yan	沿	18516	34
yan	岩	15868	35
yan	烟	15664	35
yan	延	14304	35
yan	盐	10933	36
yan	堰	8428	37
yan	颜	7905	38
yan	燕	7734	38
yan	炎	7470	38
yan	掩	4994	40
yan	宴	4182	40
yan	艳	3768	41
yan	咽	3648	41
yan	厌	3021	42
yang	样	123994	27
yang	阳	67853	29
yang	央	38757	31
yang	杨	36217	32
yang	养	32158	32
yang	洋	25949	33
yang	扬	13472	36
yang	羊	10177	37
yang	氧	8109	38
yang	仰	6904	38
yang	痒	1461	44
yang	鸯	919	46
yang	疡	497	49
yang	秧	423	49
yang	佯	411	50
yang	殃	386	50
yang	漾	367	50
yang	恙	357	50
yang	炀	308	51
yang	鞅	197	52
yao	要	373729	22
yao	药	42918	31
yao	摇	12154	36
yao	腰	8283	38
yao	咬	5585	39
yao	邀	5505	39
yao	妖	5027	40
yao	耀	4771	40
yao	遥	3932	41
yao	瑶	3802	41
yao	幺	3356	41
yao	姚	3272	41
yao	肴	2891	42
yao	窑	2847	42
yao	谣	1424	45
yao	钥	1045	46
yao	吆	853	47
yao	尧	763	47
yao	夭	448	49
yao	徭	447	49
ye	也	324354	23
ye	业	243588	24
ye	夜	25879	33
ye	叶	25535	33
ye	爷	18598	34
ye	野	16693	35
ye	页	16348	35
ye	液	12779	36
ye	耶	5135	39
ye	冶	4638	40
ye	椰	800	47
ye	腋	624	48
ye	谒	567	48
ye	曳	548	48
ye	掖	539	48
ye	邺	494	49
ye	噎	456	49
ye	晔	331	50
ye	靥	127	54
ye	烨	61	57
yi	一	1244691	18
yi	以	408391	22
yi	已	144932	26
yi	意	131337	27
yi	义	102802	27
yi	议	88838	28
yi	易	39394	31
yi	医	34167	32
yi	依	33978	32
yi	艺	33880	32
yi	亿	30484	32
yi	益	27641	33
yi	衣	24586	33
yi	宜	24576	33
yi	异	23294	33
yi	遗	21381	34
yi	移	20050	34
yi	伊	19448	34
yi	疑	15776	35
yi	仪	13460	36
yin	因	124692	27
yin	引	44236	31
yin	音	38286	31
yin	银	35273	32
yin	印	30544	32
yin	阴	14734	35
yin	隐	12687	36
yin	饮	9891	37
yin	殷	4599	40
yin	姻	3677	41
yin	吟	3639	41
yin	尹	2780	42
yin	淫	1914	43
yin	荫	1529	44
yin	胤	867	47
yin	瘾	853	47
yin	寅	765	47
yin	茵	720	47
yin	蚓	500	49
yin	垠	117	55
ying	应	117139	27
ying	英	60088	30
ying	影	50482	30
ying	营	41166	31
ying	迎	17403	35
ying	硬	12645	36
ying	映	10021	37
ying	赢	4796	40
ying	盈	4125	40
ying	鹰	4083	40
ying	婴	2902	42
ying	颖	1635	44
ying	瀛	1526	44
ying	郢	1404	45
ying	蝇	1100	46
ying	樱	1036	46
ying	莹	934	46
ying	荧	748	47
ying	萤	696	47
ying	瑛	614	48
yo	哟	2014	43
yo	唷	276	51
yo	育	53892	30
yong	用	261230	24
yong	永	21564	34
yong	拥	16207	35
yong	勇	10519	37
yong	涌	6733	38
yong	庸	4113	40
yong	佣	2562	42
yong	泳	2170	43
yong	雍	1523	44
yong	鳙	1076	46
yong	咏	1018	46
yong	甬	754	47
yong	俑	498	49
yong	踊	399	50
yong	蛹	364	50
yong	饔	286	51
yong	恿	285	51
yong	痈	218	52
yong	臃	172	53
yong	壅	151	54
you	有	801179	19
you	又	160784	26
you	由	137705	26
you	游	64242	29
you	右	33625	32
you	优	32313	32
you	油	31745	32
you	友	26121	33
you	尤	12416	36
you	幼	7007	38
you	忧	6656	38
you	犹	6485	39
you	邮	6077	39
you	幽	4481	40
you	悠	4476	40
you	诱	3501	41
you	佑	2124	43
you	铀	980	46
you	攸	726	47
you	祐	671	48
yu	于	314591	23
yu	与	178348	25
yu	育	53892	30
yu	鱼	51532	30
yu	语	47677	31
yu	余	40356	31
yu	域	35702	32
yu	玉	34359	32
yu	预	28276	33
yu	遇	18782	34
yu	雨	17065	35
yu	御	14472	35
yu	予	13793	36
yu	欲	11462	36
yu	誉	10588	37
yu	宇	8407	37
yu	渔	6781	38
yu	愈	6430	39
yu	羽	5998	39
yu	豫	5463	39
yuan	员	155558	26
yuan	院	138841	26
yuan	原	121758	27
yuan	元	115830	27
yuan	源	47598	31
yuan	远	46710	31
yuan	园	28637	33
yuan	愿	26653	33
yuan	袁	14926	35
yuan	圆	14753	35
yuan	缘	10107	37
yuan	援	9168	37
yuan	怨	5303	39
yuan	垸	5161	39
yuan	冤	3030	42
yuan	渊	3019	42
yuan	苑	1409	45
yuan	垣	1270	45
yuan	猿	1155	45
yuan	沅	1099	46
yue	月	152035	26
yue	约	57135	30
yue	越	37478	32
yue	曰	11088	36
yue	岳	9928	37
yue	跃	9738	37
yue	阅	8562	37
yue	悦	2896	42
yue	瀹	1733	44
yue	粤	1615	44
yue	钺	173	53
yue	刖	80	56
yue	彟	66	57
yue	樾	64	57
yue	籥	15	63
yue	玥	9	64
yue	龠	5	66
yue	𫐄	0	74
yue	𬸚	0	74
yue	爚	0	74
yun	运	80033	28
yun	云	31242	32
yun	允	5244	39
yun	郧	3304	41
yun	孕	3292	41
yun	晕	3292	41
yun	韵	2902	42
yun	蕴	2295	43
yun	匀	2231	43
yun	陨	622	48
yun	酝	558	48
yun	芸	536	49
yun	纭	413	50
yun	耘	365	50
yun	涢	270	51
yun	氲	235	52
yun	郓	220	52
yun	熨	207	52
yun	赟	171	53
yun	愠	158	53
za	杂	19079	34
za	砸	2612	42
za	咋	1649	44
za	匝	289	51
za	咂	211	52
za	拶	23	61
za	臜	18	62
za	咱	20635	34
za	扎	8284	38
za	啐	240	52
za	嘁	143	54
za	籴	93	55
zai	在	847207	19
zai	再	83813	28
zai	载	17925	34
zai	灾	8220	38
zai	仔	4114	40
zai	宰	3177	41
zai	栽	2819	42
zai	哉	1040	46
zai	崽	277	51
zai	甾	169	53
zai	才	86612	28
zan	咱	20635	34
zan	赞	9817	37
zan	暂	6831	38
zan	攒	983	46
zan	簪	395	50
zan	瓒	343	50
zan	錾	94	55
zan	趱	74	56
zan	糌	30	60
zan	昝	14	63
zan	寁	0	74
zan	涔	3148	41
zan	湔	31	60
zan	拶	23	61
zan	酂	8	65
zang	葬	6567	38
zang	脏	5858	39
zang	赃	752	47
zang	臧	294	51
zang	奘	275	51
zang	牂	30	60
zang	驵	5	66
zang	藏	29021	33
zang	戕	102	55
zao	造	58637	30
zao	早	45286	31
zao	遭	14016	35
zao	藻	4488	40
zao	糟	2561	42
zao	枣	2419	42
zao	燥	2345	43
zao	灶	2001	43
zao	凿	1977	43
zao	躁	1922	43
zao	噪	1386	45
zao	皂	1019	46
zao	澡	849	47
zao	蚤	220	52
zao	唣	47	58
zao	璪	8	65
zao	慥	3	68
zao	簉	0	74
zao	𥖨	0	74
zao	草	27591	33
ze	则	56345	30
ze	责	37191	32
ze	泽	19075	34
ze	择	14622	35
ze	帻	300	51
ze	啧	265	51
ze	仄	206	52
ze	笮	106	55
ze	赜	93	55
ze	舴	38	59
ze	昃	33	60
ze	迮	6	66
ze	箦	4	67
ze	侧	18875	34
ze	措	11380	36
ze	稷	3299	41
ze	咋	1649	44
ze	柞	218	52
zei	贼	10283	37
zei	鲗	0	74
zen	怎	46457	31
zen	谮	26	60
zen	僭	4129	40
zeng	增	67883	29
zeng	赠	2324	43
zeng	憎	933	46
zeng	甑	140	54
zeng	锃	78	56
zeng	缯	65	57
zeng	罾	24	61
zeng	鄫	9	64
zeng	矰	0	74
zeng	䎖	0	74
zeng	曾	41980	31
zeng	综	12528	36
zeng	鬷	0	74
zha	炸	9245	37
zha	扎	8284	38
zha	闸	2076	43
zha	诈	1936	43
zha	榨	1733	44
zha	眨	1229	45
zha	栅	1005	46
zha	渣	1004	46
zha	乍	988	46
zha	札	817	47
zha	楂	502	49
zha	铡	246	52
zha	喳	233	52
zha	柞	218	52
zha	吒	151	54
zha	蚱	132	54
zha	咤	109	55
zha	劄	26	60
zha	哳	18	62
zha	鲝	18	62
zhai	寨	8208	38
zhai	债	5756	39
zhai	宅	3707	41
zhai	斋	3226	41
zhai	摘	3058	42
zhai	窄	2710	42
zhai	瘵	2	69
zhai	度	141373	26
zhai	侧	18875	34
zhai	择	14622	35
zhai	祭	9266	37
zhai	柴	5406	39
zhai	翟	311	51
zhai	疵	197	52
zhai	擿	51	58
zhai	豸	37	59
zhan	战	138139	26
zhan	展	107241	27
zhan	站	42870	31
zhan	占	40014	31
zhan	斩	4081	40
zhan	粘	4017	40
zhan	盏	1970	43
zhan	瞻	1858	44
zhan	沾	1651	44
zhan	詹	1563	44
zhan	湛	1223	45
zhan	绽	1135	46
zhan	毡	884	47
zhan	栈	793	47
zhan	崭	662	48
zhan	蘸	394	50
zhan	旃	133	54
zhan	谵	57	57
zhan	飐	3	68
zhan	搌	3	68
zhang	长	281430	23
zhang	张	87142	28
zhang	章	33142	32
zhang	掌	27317	33
zhang	障	11234	36
zhang	丈	10498	37
zhang	涨	8210	38
zhang	仗	7009	38
zhang	帐	5926	39
zhang	杖	4322	40
zhang	胀	3645	41
zhang	账	3467	41
zhang	璋	3211	41
zhang	彰	1115	46
zhang	漳	1094	46
zhang	樟	506	49
zhang	瘴	365	50
zhang	獐	244	52
zhang	嶂	153	53
zhang	鄣	123	54
zhao	照	40210	31
zhao	招	36173	32
zhao	找	34906	32
zhao	召	20307	34
zhao	赵	13859	35
zhao	诏	8076	38
zhao	兆	4140	40
zhao	昭	3243	41
zhao	罩	3078	42
zhao	爪	2483	42
zhao	沼	1960	43
zhao	钊	1775	44
zhao	肇	1277	45
zhao	棹	71	57
zhao	笊	50	58
zhao	啁	45	58
zhao	曌	16	62
zhao	𬬿	0	74
zhao	旐	0	74
zhao	𬶐	0	74
zhe	这	575506	21
zhe	着	257724	24
zhe	者	152861	26
zhe	折	16663	35
zhe	哲	7473	38
zhe	浙	5851	39
zhe	遮	2806	42
zhe	蔗	1191	45
zhe	鹧	1033	46
zhe	褶	896	46
zhe	辙	631	48
zhe	辄	333	50
zhe	蛰	175	53
zhe	锗	166	53
zhe	谪	164	53
zhe	赭	121	54
zhe	蜇	116	55
zhe	柘	92	56
zhe	磔	50	58
zhe	晢	50	58
zhei	这	575506	21
zhen	真	73220	29
zhen	镇	33539	32
zhen	阵	23063	33
zhen	针	16746	35
zhen	震	13813	36
zhen	珍	12729	36
zhen	振	9232	37
zhen	诊	4745	40
zhen	侦	4089	40
zhen	圳	3992	40
zhen	祯	3922	41
zhen	贞	3556	41
zhen	朕	2458	42
zhen	枕	2356	43
zhen	斟	1268	45
zhen	疹	764	47
zhen	甄	673	48
zhen	赈	494	49
zhen	臻	477	49
zhen	帧	434	49
zheng	政	227345	24
zheng	正	143863	26
zheng	争	62269	29
zheng	整	48723	30
zheng	证	45678	31
zheng	征	28501	33
zheng	症	8516	37
zheng	郑	8181	38
zheng	蒸	5830	39
zheng	挣	3401	41
zheng	睁	3061	42
zheng	怔	2967	42
zheng	铮	956	46
zheng	筝	793	47
zheng	拯	646	48
zheng	狰	244	52
zheng	徵	237	52
zheng	诤	193	53
zheng	峥	115	55
zheng	钲	15	63
zhi	之	294953	23
zhi	只	168445	26
zhi	制	161113	26
zhi	治	124695	27
zhi	知	117625	27
zhi	直	93048	28
zhi	至	90680	28
zhi	指	75952	29
zhi	职	73112	29
zhi	质	68455	29
zhi	值	48730	30
zhi	支	45876	31
zhi	织	44090	31
zhi	志	43582	31
zhi	置	38927	31
zhi	致	34906	32
zhi	止	28339	33
zhi	执	28089	33
zhi	植	19542	34
zhi	智	16244	35
zhong	中	751648	20
zhong	种	189054	25
zhong	重	172255	25
zhong	众	62238	29
zhong	终	34772	32
zhong	钟	20614	34
zhong	忠	13197	36
zhong	肿	5780	39
zhong	仲	3541	41
zhong	衷	2384	43
zhong	冢	728	47
zhong	踵	636	48
zhong	锺	565	48
zhong	盅	372	50
zhong	柊	135	54
zhong	舯	28	60
zhong	螽	20	61
zhong	穜	2	69
zhong	茽	0	74
zhong	童	13750	36
zhou	州	89328	28
zhou	周	56829	30
zhou	洲	39767	31
zhou	轴	5058	40
zhou	舟	3857	41
zhou	宙	3307	41
zhou	皱	3193	41
zhou	骤	2279	43
zhou	昼	1573	44
zhou	粥	1497	44
zhou	咒	1452	45
zhou	肘	1045	46
zhou	绉	840	47
zhou	帚	471	49
zhou	胄	408	50
zhou	纣	354	50
zhou	诌	147	54
zhou	妯	118	55
zhou	籀	37	59
zhou	酎	33	60
zhu	主	281985	23
zhu	住	65532	29
zhu	注	33114	32
zhu	助	30212	32
zhu	著	27143	33
zhu	筑	26592	33
zhu	朱	22827	34
zhu	逐	19365	34
zhu	诸	16829	35
zhu	驻	15148	35
zhu	竹	12240	36
zhu	珠	12230	36
zhu	柱	10779	37
zhu	祝	6816	38
zhu	猪	6734	38
zhu	铸	3738	41
zhu	株	3379	41
zhu	烛	2881	42
zhu	煮	2724	42
zhu	嘱	2324	43
zhua	抓	13743	36
zhua	髽	6	66
zhua	爪	2483	42
zhua	挝	397	50
zhuai	拽	1193	45
zhuai	转	61575	30
zhuan	专	66268	29
zhuan	转	61575	30
zhuan	砖	4822	40
zhuan	撰	2951	42
zhuan	赚	2785	42
zhuan	篆	892	46
zhuan	馔	714	47
zhuan	颛	96	55
zhuan	啭	40	59
zhuan	瑑	2	69
zhuan	䏝	0	74
zhuan	僎	0	74
zhuan	传	70778	29
zhuan	湍	612	48
zhuan	沌	302	51
zhuan	巽	201	52
zhuang	装	53303	30
zhuang	状	35768	32
zhuang	庄	13977	35
zhuang	壮	11729	36
zhuang	撞	7109	38
zhuang	妆	2092	43
zhuang	桩	1527	44
zhuang	漴	4	67
zhuang	幢	816	47
zhuang	憧	293	51
zhuang	僮	283	51
zhuang	奘	275	51
zhuang	艟	29	60
zhuang	戆	27	60
zhui	追	18749	34
zhui	锥	2007	43
zhui	坠	1718	44
zhui	缀	1157	45
zhui	赘	524	49
zhui	惴	291	51
zhui	缒	189	53
zhui	骓	50	58
zhui	隹	48	58
zhui	致	34906	32
zhui	垂	7691	38
zhui	椎	1829	44
zhui	隧	1399	45
zhui	揣	998	46
zhui	槌	470	49
zhui	萑	27	60
zhui	倕	4	67
zhun	准	54991	30
zhun	谆	154	53
zhun	肫	41	59
zhun	窀	19	62
zhun	衠	4	67
zhun	𬘯	0	74
zhun	敦	5129	39
zhun	屯	2904	42
zhun	淳	1920	43
zhun	盹	236	52
zhun	胗	29	60
zhun	圫	4	67
zhun	忳	3	68
zhun	䐃	0	74
zhuo	桌	9286	37
zhuo	捉	4834	40
zhuo	卓	3192	41
zhuo	灼	1178	45
zhuo	浊	1150	45
zhuo	拙	922	46
zhuo	酌	869	47
zhuo	啄	648	48
zhuo	镯	400	50
zhuo	擢	377	50
zhuo	涿	357	50
zhuo	斫	220	52
zhuo	晫	203	52
zhuo	茁	114	55
zhuo	濯	105	55
zhuo	浞	91	56
zhuo	叕	68	57
zhuo	倬	51	58
zhuo	诼	49	58
zhuo	棁	35	59
zi	子	327506	23
zi	自	296351	23
zi	资	116853	27
zi	字	57009	30
zi	紫	12996	36
zi	姊	6234	39
zi	滋	5319	39
zi	咨	4873	40
zi	姿	3646	41
zi	兹	2868	42
zi	缁	1657	44
zi	梓	1114	46
zi	秭	833	47
zi	孜	765	47
zi	籽	627	48
zi	淄	477	49
zi	渍	460	49
zi	孳	435	49
zi	恣	333	50
zi	辎	202	52
zong	总	108212	27
zong	宗	33150	32
zong	纵	13663	36
zong	综	12528	36
zong	踪	4353	40
zong	棕	1716	44
zong	粽	402	50
zong	鬃	222	52
zong	偬	60	57
zong	倧	16	62
zong	腙	12	63
zong	疭	3	68
zong	鬷	0	74
zong	从	163454	26
zong	熜	348	50
zong	枞	45	58
zou	走	84137	28
zou	奏	10886	36
zou	邹	1227	45
zou	揍	294	51
zou	诹	71	57
zou	陬	38	59
zou	鄹	26	60
zou	驺	20	61
zou	鲰	2	69
zou	族	83235	28
zou	趣	8706	37
zu	族	83235	28
zu	组	79006	29
zu	足	40437	31
zu	祖	20203	34
zu	阻	10967	36
zu	租	8138	38
zu	卒	5641	39
zu	镞	376	50
zu	诅	309	51
zu	俎	125	54
zu	崒	14	63
zu	珇	0	74
zu	姐	12619	36
zu	沮	743	47
zu	淬	281	51
zu	啐	240	52
zu	蹴	176	53
zu	嘁	143	54
zu	槭	140	54
zu	苴	75	56
zuan	钻	5671	39
zuan	纂	819	47
zuan	攥	334	50
zuan	缵	14	63
zuan	躜	6	66
zuan	赚	2785	42
zuan	撮	1125	46
zui	最	153257	26
zui	罪	17517	35
zui	嘴	16431	35
zui	醉	5429	39
zui	蕞	28	60
zui	槜	6	66
zui	堆	7204	38
zui	摧	1793	44
zui	咀	1524	44
zui	撮	1125	46
zui	羧	273	51
zui	觜	14	63
zun	尊	12273	36
zun	遵	5593	39
zun	樽	111	55
zun	鳟	60	57
zun	撙	9	64
zun	嶟	3	68
zun	僔	0	74
zun	噂	0	74
zun	𨱔	0	74
zun	奠	2701	42
zun	蹲	1832	44
zun	捽	43	59
zun	僎	0	74
zuo	作	270915	24
zuo	做	75588	29
zuo	左	39041	31
zuo	坐	32592	32
zuo	座	30914	32
zuo	昨	8976	37
zuo	佐	2942	42
zuo	琢	1334	45
zuo	祚	411	50
zuo	唑	270	51
zuo	捽	43	59
zuo	胙	33	60
zuo	怍	21	61
zuo	阼	4	67
zuo	岞	3	68
zuo	挫	2027	43
zuo	凿	1977	43
zuo	醋	1401	45
zuo	撮	1125	46
zuo	乍	988	46
